,Spreadsheet maintain by HTMAG community - join discord to discuss and contribute https://howtomarketagame.com/,,,,,,,,,,,
,OPEN,CLOSING SOON!,LAST DAY!,,,,,,,,,
Festival,Type,When,Deadline (YYYY-MM-DD),Submission Open,Price,Steam page,"Was it worth the price?
Opinions are biased (check comments)",Comments,Event official page,Latest Steam page,Discord Notify (7D before),Days to submit
SXSW Sydney Games,Physical/Digital Expo,October,2025-06-30,FALSE,27$/Free,"Yes, featuring",???,Curated event.,https://www.sxswsydney.com/participate/games-festival-showcase,https://store.steampowered.com/sale/sxswsydneygameawards,FALSE,-148
Games From Vancouver,Physical Expo + Digital,November,2025-10-17,TRUE,Free,"Yes, additional featuring TBD",Yes,"Games made in Vancouver, Greater Vancouver, Vancouver Island, and greater BC, favouring games able to discount during Nov 21-30 to assist with additional featuring ask. Unreleased and undiscounted games still accepted on case by case basis and will be in separate section of page.",https://docs.google.com/forms/d/e/1FAIpQLSeP7rKFPXudgdzE3S0fM1iDMKx24PGFIcBWkRdOqB5eb5uw_A/viewform,,FALSE,-39
Indie MEGABOOTH,Physical Expo,April,TBA,FALSE,???,Yes,???,Curated event,https://store.steampowered.com/sale/IndieMEGABOOTH,https://indiemegabooth.com/about/submissions/,#VALUE!,#VALUE!
PAX West,Physical Expo,September,TBA,FALSE,Expensive or Free,Yes with front page featuring,Greatly Depends,"Physical presence is expensive, hard to justify price especially if you have to travel for the event. There is a chance to be selected as part of PAX 10, 10 games there are free to participate.",https://west.paxsite.com/,https://store.steampowered.com/sale/pax,#VALUE!,#VALUE!
WePlay,Physical Expo,November,2025-11-22,FALSE,???,"Yes, with featuring",Yes,,https://www.weplaymore.com/english,https://store.steampowered.com/sale/weplay2022,FALSE,-3
Experimental Games Showcase,Physical Expo,March,2025-10-31,FALSE,Free,No,Most likely not,Physical event at GDC,https://www.experimentalgamesshowcase.com/,,FALSE,-25
Super FESTival,Physical Expo,November,2025-08-09,FALSE,Paid,???,???,Curated event.,https://www.handeyesociety.com/event/%F0%9F%8E%89-submissions-are-open-for-super-festival-2025/,,FALSE,-108
Glasgow Independent Games Festival,Physical Expo,August,2025-06-01,FALSE,???,???,???,"Curated event. ""There will be a selection process and we aim to get in touch with everyone to let you know the outcome within a couple of weeks of the deadline.""","https://docs.google.com/forms/d/e/1FAIpQLSdSFRqRDr_XpiT9_PTLy-b4sISvj9TZ2LhoEvJrYRhcj4gXLQ/viewform
https://glasgowindiegamesfest.org/",,FALSE,-177
Secret Sauce,Physical Expo,July,2025-05-16,FALSE,Free/Paid,Yes,???,Curated event.,https://opensauce.com/secret-sauce/,,FALSE,-193
Tokyo Game Show,Physical Expo,October,2025-05-16,FALSE,Paid/Free,Yes with front page featuring,Yes,"Curated event. Nice steam feature, tons of WL.",https://events.nikkeibp.co.jp/tgs/2025/en/exhibitor/indie/,https://store.steampowered.com/sale/TGS2021,FALSE,-193
Gamescom Europe - Indie Arena Booth,Physical Expo,August,2025-04-16,FALSE,from 3000 euro,Yes with front page featuring,Depends ,Subbooth at Gamescom with kinda indie friendly prices (or not as of 2023),https://indiearenabooth.de,https://store.steampowered.com/sale/IndieArenaBooth2021,FALSE,-223
Digital Dragons - Indie Showcase,Physical Expo,May,2025-03-31,FALSE,Around750$,No,Last edition doesn't seems to be worth it (no steam featuring),"Curated event, around 40 games. Read rules, probably you need to be physically present in Krakow / Poland.
""regarding the Digital Dragons Indie Showcase:
- last year had a Steam event with some visibility, was actually alright for us,
- you need to be present in Krakow, Poland in May to take part,
- you need to buy your own tickets for the whole team (the organizer provides a discount code but no free passes) (unless anything changed here)""",https://digitaldragons.pl/,missing?,FALSE,-239
Bitsummit,Physical Expo,July,2025-02-28,FALSE,~$25 (entry) ~$280 (booth),"Yes, featuring???",Will see & update here :),Curated event. More info on submission: https://bitsummit.org/en/submission-faq-eng/,https://bs-entry-system.com/en/,https://store.steampowered.com/curator/41060548-BitSummit/sale/bitsummit8thbit,FALSE,-270
Digital Vikings,Physical Expo,March,2025-01-27,FALSE,Paid/Free,???,???,"Curated event. ""Submissions are free, but to participate in the in-person activities and/or if youâ€™re nominated for the Digital Vikings Awards, youâ€™ll need to purchase a ticket to attend DevGAMM GdaÅ„sk 2025.""",https://www.digitalvikings.pl/,,FALSE,-302
Play24,Physical Expo,November,2024-09-01,FALSE,???,???,???,Curated event.,https://www.playfestival.de/index_en.html,,FALSE,-450
PAX West - PAX Rising Showcase,Physical Expo,September,2024-06-10,FALSE,$50,Yes,Yes,"Physical presence at PAX, curated event",https://west.paxsite.com/,https://store.steampowered.com/sale/pax,FALSE,-533
DevPlay,Physical Expo,October,2024-04-26,FALSE,119$,Yes,Yes,"Eligible countries: Romania, Poland, Serbia, Bulgaria, Ukraine, Hungary, Moldova, Albania, North Macedonia, Georgia, Kosovo, Montenegro, Bosnia and Herzegovina, Latvia, Lithuania, Estonia.",https://dev-play.ro/indie-festival-2/,https://store.steampowered.com/sale/devplay,FALSE,-578
Taipei Game Show,Physical Expo,January,2023-10-11,FALSE,Paid,???,???,Paid event.,https://tgs.tca.org.tw/indie_application_e.php,,FALSE,-776
London Game Fest - WASD Curios,Physical Expo,April,2023-01-13,FALSE,Free,No,???,"Curated event. Physical expo but don't have to attend, we don't know if it will be worth it",https://docs.google.com/forms/d/e/1FAIpQLSfleAammPAZ9CzCkql71ikKXjHPLVIX0DlbcOsRf-ao3tA90Q/viewform,???,FALSE,-1047
Experimental Game Workshop,Physical Expo,March,2023-01-01,FALSE,Free,No,???,Curated event.,https://www.experimentalgameworkshop.org/,,FALSE,-1059
EGX / The Leftfield Collection,Physical Expo,October,2022-06-30,FALSE,Free,No?,Depends,`,https://www.egx.net/london/en-gb/things-to-do/the-leftfield-collection.html,,FALSE,-1244
PAX East - PAX Rising Showcase,Physical Expo,April,2022-03-01,FALSE,$50,"Hard to tell, they returned to physical format","Depends, steam featuring was very poor for last edition","Curated event at PAX, physical presense is expensive.",https://store.penny-arcade.com/products/pax-rising-showcase,,FALSE,-1365
MomoCon - Indie Awards Showcase,Physical Awards,May,TBA,FALSE,$50,No,Yes,Curated event. Some media coverage like Kotaku is possible. (Judges are from press),https://www.momocon.com/indies/,,#VALUE!,#VALUE!
BIG Festival,Physical Awards,June,2025-01-15,FALSE,Free?,???,???,"""the most important game festival in Latin Americ"", not much info about rules and submissions avaible publicly",https://bigfestival.com.br/en/submissions/,,FALSE,-314
Pixel Heaven - Pixel Awards Europe,Physical Awards,June,2023-04-28,FALSE,Free,No,No,"Curated Event, Need to be able to go to Warsaw if selected.Event didn't offer much of exposure.
Probably not worth it if you are not local dev.",https://www.pixelheavenfest.com/en/pixel-awards-europe/,,FALSE,-942
Games For Change Festival,Hybrid Expo/Awards,July,2023-02-06,FALSE,???,"Yes, featuring???",???,Curated event. Need more info.,https://g4cawards.secure-platform.com/a,https://store.steampowered.com/sale/g4c,FALSE,-1023
Latinx Game Festival,Hybrid Expo,September,2022-06-12,FALSE,Free,???,???,Curated event.,https://www.latinxgamesfestival.com/,,FALSE,-1262
EGX / Birmingham,Hybrid Expo,March,2022-03-01,FALSE,Paid,Probably yes,"Expensive, greatly depends","Paid event, pretty expensive. In the past EGX didn't manage to get decent featuring on Steam. People complained it wasn't worth the money in terms of WL gain.",https://www.egx.net/,https://store.steampowered.com/sale/egx2021,FALSE,-1365
Games in Sweden,Digital Expo,January,TBA,FALSE,Free,Yes,???,This event is to show off the amazing games that have come out of Sweden so please only apply if you are a Sweden-based publisher or Development Studio. ,https://docs.google.com/forms/d/e/1FAIpQLScl02Tdryqtest-ns7bAIlFCNiE0tsIK2BAwFZQYXD0HA5DXA/viewform,,#VALUE!,#VALUE!
"Game Over, T1D!",Digital Expo,February,TBA,FALSE,Free,"Yes, featuring???",???,"""this annual event supports the leading global type 1 diabetes (T1D) research and advocacy organization, helping to make everyday life better ðŸ’™ while driving toward cures.""",https://docs.google.com/forms/d/e/1FAIpQLSe7xsf7Lge6_UNyxOyg0-kIsOzmlhBZyRKO2zDV5IgPnDvzdA/viewform,,#VALUE!,#VALUE!
Iwocon,Digital Expo,March,TBA,FALSE,Free,"Yes (steam page + steam game), small featuring",Yes,Curated event. Decent streaming coverage for selected games and demos.,https://www.indieworldorder.com/,"https://store.steampowered.com/sale/iwocon2021
https://store.steampowered.com/app/1422300/IWOCon_2021/",#VALUE!,#VALUE!
The Mix Game Dev Direct,Digital Expo,March,TBA,FALSE,??? Probably $500 if you get selected,"Yes, featuring???",???,Curated event.,https://www.mediaindieexchange.com/,https://store.steampowered.com/sale/TheMIX,#VALUE!,#VALUE!
Indian Harvest Festival,Digital Expo,April,TBA,FALSE,???,Yes,???,Curated event,https://www.indianharvestfestival.com/,https://store.steampowered.com/sale/indianharvestfestival,#VALUE!,#VALUE!
E3 Expo (Online),Digital Expo,June,TBA,FALSE,Expensive,Yes with front page featuring,Greatly Depends,"So, it's super expensive. And there are like 3-5 different indie showcases going on here as well. One of them was Wholesome Direct. You are also competing against a crapton of AAA games. The value from impressions alone cannot be ascertained immediately, but wishlists gathered were pretty high, even if not exactly as cost-effective as perhaps a FB ad drive would be. Steam page also sucked. The way they did it was not intuitive and TBH it kinda failed in regards to how other Steam pages are treated.",https://e3expo.com/,https://store.steampowered.com/sale/e3showcase2021,#VALUE!,#VALUE!
Game Dev Days,Digital Expo,June,TBA,FALSE,???,Yes,???,Steam page for games from Austria,https://gamedevdays.com/,https://store.steampowered.com/sale/austria,#VALUE!,#VALUE!
Games in Italy,Digital Expo,June,TBA,FALSE,Free,Yes,Depends,Curated event,https://en.iideassociation.com/,https://store.steampowered.com/sale/gamesinitaly,#VALUE!,#VALUE!
PC Gaming Show,Digital Expo,June,TBA,FALSE,Free,"Yes, featuring???",???,Curated event. Need more info.,https://www.pcgamingshow.com/,https://store.steampowered.com/sale/pcgamingshow,#VALUE!,#VALUE!
Gamescom Europe,Digital Expo,August,TBA,FALSE,from 3000 euro,Yes with front page featuring,Depends ,Being featured in awards or IGN/ONL helps a lot. IAB probably worth more due to separate event page and crossover with gamescom. Had 3 separate steam pages. Currently Indie Arcade Offer by itself is not so good.,https://www.gamescom.global/,"https://store.steampowered.com/sale/gamescom
https://store.steampowered.com/sale/IndieArenaBooth2021
https://store.steampowered.com/sale/futuregamesshow",#VALUE!,#VALUE!
Latam Games,Digital Expo,September,TBA,FALSE,Free,Yes (featuring only in LATAM),Yes,Curated event. Only games from South America / LATAM are allowed.,https://expoeva.com/,https://store.steampowered.com/sale/latam,#VALUE!,#VALUE!
The Escapist Indie Showcase,Digital Expo,September,TBA,FALSE,Free,No,Yes,"Curated event. Only streamed by The Escapists, it didn't manage to bring much visibility for attending games. Hard to tell if this is event saturation or The Escapists didn't promote it much. Live streams got barely any views.
It's free doesn't cost much time and it gives some exposure.",https://www.escapistmagazine.com/v2/showcase/,,#VALUE!,#VALUE!
Games Made in France,Digital Expo,October,TBA,FALSE,Expensive (1k-7k euro),"Yes, weeklong feature",Yes,"Paid and curated event for games made in France, 40 games participating. In previous edition, all participating games got 60k WL total.
Stats from game: https://medium.com/@hegor59260/jeux-made-in-france-how-beneficial-are-steam-featured-events-for-upcoming-games-8f591f582fa3",https://jeuxmadeinfrance.fr,https://store.steampowered.com/sale/GamesMadeInFrance2021,#VALUE!,#VALUE!
IndieLand,Digital Expo,November,TBA,FALSE,???,"Yes, no featuring",Charity event,Curated event,https://www.indieland.org/,https://store.steampowered.com/curator/40822184/sale/IndieLand2022,#VALUE!,#VALUE!
Start Your Engine,Digital Expo,May,2026-03-30,TRUE,Free,Yes,YES,"Start Your Engine celebrates games where vehicles are the star: driving and convoy survival, simulation and management, racing and rally, and rover pilotingâ€”across every genre, so long as the mechanical vehicle is core to play and not just set dressing, and combat is not the main feature.",https://docs.google.com/forms/d/e/1FAIpQLSdmZfAwYJ8El1Y_6PBNbPeE60PQ1rHLE-BMVL-cEsst9ndZLg/viewform,,FALSE,125
Rogue Bots,Digital Expo,March,2026-01-20,TRUE,Free,Yes,???,"Curated event. ""Uses the Roguelike or Roguelite Steam tag (or something close) Features robots, mechs, or AI as a core part of the experience """,https://docs.google.com/forms/d/e/1FAIpQLSewn9yoHSns-FJhsKMANhiX9wM813l7lJO4klwxsXYe-ghJ3A/viewform,,FALSE,56
Wholesome Underdogs,Digital Expo,March,2025-11-01,TRUE,Free,"Yes, no featuring",Yes,An event for wholesome hidden gems that pack a punch!,https://docs.google.com/forms/d/1n2RFvLNaSm_1zBTZZrjPnvqN5Gt6uQPI-KnsfEYgtDM,,FALSE,-24
Spy Video Game Rendezvous,Digital Expo,January,2025-12-15,TRUE,Free,Yes,???,"Curated event, ""... spy-themed video games ...""",https://docs.google.com/forms/d/e/1FAIpQLSfg6ufFIoyp6LQZ2rCUUZwG6ZzJw9XBjEoRbLLj0ngUnQ88ng/viewform,,FALSE,20
Beyond the Book,Digital Expo,April,2025-12-05,FALSE,Free,"Yes, featuring???",,Curated event. Beyond the Book celebrates games that are inspired by literature. The event showcases great games with engaging storylines and captivating worlds to explore across all genres.,"https://docs.google.com/forms/d/e/1FAIpQLScBStUYBY0rsvinCIpR9ZpqNFMd-85pm5cYKhbggaBTp3vXdw/viewform
https://beyondthebook.notion.site/",,FALSE,10
Midwinter Spirits Festival,Digital Expo,December,2025-11-14,FALSE,Free,Yes,???,"Curated event. ""... games that combine coziness and charm with themes like witchcraft, ghosts, skeletons, supernatural, night or winter atmosphere ...""",https://docs.google.com/forms/d/e/1FAIpQLSffYP6almJP1O0Dl1YbzfzVsJY59W_6J0lPGHwZz55km6fetQ/viewform,,FALSE,-11
Women's Day Sale,Digital Expo,February,2025-11-09,TRUE,Free,Yes,???,Curated event.,https://docs.google.com/forms/d/e/1FAIpQLSfoFwxLV5QSwL9Sbd9-XOLZ04iLnwcZzyHk0EfsDaqW5fO0Ow/viewform,https://store.steampowered.com/sale/WomensDaySale,FALSE,-16
PixElated Festival,Digital Expo,February,2025-10-14,TRUE,Free,Yes,,Steam Festival showicaing pixel-art RPG games. Submission form: pixelatedfest.com,pixelatedfest.com,https://store.steampowered.com/sale/PixElatedFestival,FALSE,-42
Shop Keepers Fest,Digital Expo,November,2025-10-11,FALSE,Free,Yes,???,"Curated event. ""Celebration event for Shop Keeping games! """,https://docs.google.com/forms/d/e/1FAIpQLSf7Mc3F3Y7ljpv75ckT1vd1NH6v-XAV3iPoJ_bEAazMWTiKJg/viewform,,FALSE,-45
Lovecraftian Days,Digital Expo,April,2025-10-10,FALSE,Free,Yes,???,"Curated event. ""celebrating the influence of the works of H.P. Lovecraft and elements of the cosmic horror genre in gaming. """,https://docs.google.com/forms/d/e/1FAIpQLSesuOxSd6si1-8W1jjufIzMQEIwA1k0KUDDLIokGkFUOTmJxQ/viewform,,FALSE,-46
Earth Appreciation Festival,Digital Expo,April,2025-10-10,FALSE,Free,Yes,???,"Curated event. "".. celebrating the beauty of our green planet, and the marvelous diversity of life as we see it and as we imagine it. Each year we choose a selection of games with nature or eco-dystopian themes.""",https://docs.google.com/forms/d/e/1FAIpQLSfdVeyVmDEbi9MTiH__3tFY2cTUP3j6DuEC4bOJygb3QJs-DQ/viewform,,FALSE,-46
OTK Expo - Winter,Digital Expo,November,2025-10-05,FALSE,Free,"Yes, featuring???",Yes,Curated event with excellent streamer coverage.,https://www.otkgamesexpo.com/,https://store.steampowered.com/curator/42428269/sale/OTKGamesExpo2025,FALSE,-51
The Medieval Festival,Digital Expo,December,2025-10-01,FALSE,Free,Yes,Yes,"Your gameâ€™s core theme must be centered around the medieval era.
This includes (but is not limited to): Castles, Knights, Kings and queens, Life in medieval villages and towns, Historically grounded mechanics and settings.
",https://docs.google.com/forms/d/e/1FAIpQLSe0ifOfO_6HfSs6fPrVi6wh7ZxhwBUm2R67ZTW5-Pqm946HMQ/viewform?usp=sharing&ouid=106407618521298929251,,FALSE,-55
Comic Con Stuttgart,Digital Expo,November,2025-09-30,FALSE,???,"Yes, featuring???",???,Curated event.,https://docs.google.com/forms/d/e/1FAIpQLSdjAXOg--AujU7LO_zKGCUGWiUGsmza6ns0HJgUKxllAUKlIw/viewform,,FALSE,-56
Best Indie Games Winter Showcase,Digital Expo,December,2025-09-30,FALSE,177$,???,???,"Curated event from Best Indie Games channel. ""    Games releasing in 2026 ONLY
    Including Updates / 1.0 launches of existing games in 2026""","https://docs.google.com/forms/d/e/1FAIpQLSeLM3MFglNhZQfjRQZ14eIR4i8d8t6P4XVlC-eQYTctIGHpIw/viewform
https://www.youtube.com/watch?v=evBtIu6USWU&ab_channel=BestIndieGames",,FALSE,-56
INDIE Live Expo - Winter,Digital Expo,November,2025-09-29,FALSE,Free,Yes,Free,Curated event,https://indie.live-expo.games/en/entry,https://store.steampowered.com/sale/indieliveexpo2021,FALSE,-57
Day of the Devs: Winter,Digital Expo,December,2025-09-29,FALSE,Free,Yes,???,Curated event,https://www.dayofthedevs.org/showcases/day-of-the-devs-the-game-awards-digital-showcase-2025,https://store.steampowered.com/sale/dayofthedevs/,FALSE,-57
Wholesome Snack,Digital Expo,December,2025-09-23,FALSE,Free,"Yes, featuring",Yes,"Curated event. ""Anyone with a game that's a good fit for our community and an exciting announcement that you're willing to make exclusive to the Wholesome Snack""","https://wholesomegames.com/
https://docs.google.com/forms/d/e/1FAIpQLSf5CHrADWv_ZVXPTI8DE9p48-MT-wF_WElJ4W7rbyyF7cx6TQ/viewform",https://store.steampowered.com/curator/35411526-Wholesome-Games-%E2%99%A5/sale/wholesomesnack,FALSE,-63
"The Fun, The Dark, and The Cozy",Digital Expo,February,2025-09-15,FALSE,Free,Yes,???,"""So hereâ€™s our context: a playful pun that defines our event â€” The Fun, The Dark, and The Cozy.""",https://docs.google.com/forms/d/e/1FAIpQLSfFASEwkDPX8zTdaKdvRn8GHEsZltQlbOakLtnqPvq78TNtiw/viewform,,FALSE,-71
Ancient Costume Game Festival,Digital Expo,November,2025-09-10,FALSE,Free,Yes,Yes,"""No matter which country or region your team is from, no matter what size your team is, as long as your game is set in ancient times (ancient China, ancient Japan, ancient Egypt, etc.), your submission is welcomed!""",https://docs.google.com/forms/d/e/1FAIpQLScUBRydNTH1tMV2lPE6-tEYsIkslnXNK4ACYxhwZ_tPx5cmnw/viewform,,FALSE,-76
Beat 'em up Games Party,Digital Expo,October,2025-09-07,FALSE,Free,Yes,???,"""Weâ€™d love to invite your game to be part of the event! Whether itâ€™s a classic arcade brawler or a modern revival, if your game delivers intense combat and co-op chaos, it belongs here.""",https://docs.google.com/forms/d/e/1FAIpQLSe2RQlEmHErhV66m1YY7Zqmcrbcj_kaHA6gk6-vmJKBbBgX3g/viewform,,FALSE,-79
Indie X Online,Digital Expo,November,2025-09-07,FALSE,Free,"Yes, no featuring",Waiting for feedback,Waiting for feedback,https://indiex.online/,https://store.steampowered.com/curator/41213476/sale/IndieX2022,FALSE,-79
ENDIX Indie Showcase,Digital Expo,November,2025-09-01,FALSE,Free,Yes,???,"""All kind of Steam games released or upcoming.""",https://docs.google.com/forms/d/e/1FAIpQLSdOvwmdGrXkXVc3DKMl-EQ9oTLb9Qp2No-6QdnCH6uMAqtjHQ/viewform,,FALSE,-85
Finnish Games Week,Digital Expo,October,2025-08-31,FALSE,Free,Yes,???,"Curated event. ""published or upcoming game on Steam made by Finnish game company""",https://docs.google.com/forms/d/e/1FAIpQLSei-3qIbMQBoLWPgHXDpifUfAiOf__laeRhkTELOMw26ZxFUA/viewform,,FALSE,-86
Haunted House Fearfest,Digital Expo,November,2025-08-30,FALSE,20$,???,???,"Curated event. "" indie developers looking to showcase their horror, thriller, or dark fantasy games at our festival. """,https://www.hauntedhousefearfest.com/,,FALSE,-87
Monster Taming Direct,Digital Expo,September,2025-08-25,FALSE,Free,No,???,"Curated event. ""monster tamer""","https://www.youtube.com/watch?v=3LXxAupvdzE
https://docs.google.com/forms/d/e/1FAIpQLSd5GBQ85yjGauGRhng0WHy_z5X_3TjS5GHClpJDJeCDl2VXaw/viewform",,FALSE,-92
Choose Wisely Festival,Digital Expo,December,2025-08-24,FALSE,Free,Yes,Yes,"Curated event ""the ""choices matter"" or ""multiple endings"" steam tag.""",https://docs.google.com/forms/d/e/1FAIpQLSdL55-81KhIMHRN93tIcgmQcAUv5eHcRPO8G-ihBQWRXOyeqQ/viewform,,FALSE,-93
Sword Celebration,Digital Expo,September,2025-08-22,FALSE,Free,Yes,Yes,"""Ones that feature prominent Swords or Sword gameplay mechanics. """,https://docs.google.com/forms/d/e/1FAIpQLSfdTqx13hDnwVk0MWRU1FSkk3qsTrU5R2sRpDTXXrlZXw5clQ/viewform,,FALSE,-95
Brutal Indies Unleashed,Digital Expo,September,2025-08-12,FALSE,Free,Yes,???,"Curated event. ""Your game must feature combat or video game violence in some form.""",https://docs.google.com/forms/d/e/1FAIpQLScxqdQn8IH0Xlfr66KugReW6gZec7Q1gyuUPYq0Z3IGllDYgQ/viewform,,FALSE,-105
MIX Fall Showcase,Digital Expo,August,2025-08-11,FALSE,600$,Yes,???,Curated event.,https://mediaindieexchange.com/showcases/the-mix-fall-game-showcase-2025,,FALSE,-106
Four is a Party,Digital Expo,November,2025-08-11,FALSE,Free,"Yes, featuring",???,"""Only games that are primarily multiplayer games are eligible for this event.""",https://docs.google.com/forms/d/e/1FAIpQLSco093EMHeZduBy6B-gVEAT0mp9UZFVXs5OWOCKcgBrWHIyCQ/viewform,,FALSE,-106
"Build, Design, Chill Steam Sale",Digital Expo,November,2025-08-08,FALSE,???,Yes,???,""".. games that allow players to create and build until their hearts are fully content ..""",https://docs.google.com/forms/d/e/1FAIpQLSfGzD5kxgR6d9vSyrDH17GfYodmO1gKNaallwlXDW_8GkB6dg/viewform,,FALSE,-109
Metroidvania Fusion,Digital Expo,November,2025-08-03,FALSE,Free,Yes,???,Curated event.,https://docs.google.com/forms/d/e/1FAIpQLSdtGu8hfPbkPuhS81hh3ebc5SEdD3wrXTSW9ktT0ve0OgDuzw/viewform,,FALSE,-114
Debut Festival,Digital Expo,August,2025-08-01,FALSE,Free,Yes,Yes,Curated event,https://docs.google.com/forms/d/e/1FAIpQLSegA5wnmMdUemc2nXK6cIoe0JS4JQoSYn-JJAvnanAuPG_91w/viewform?usp=header,,FALSE,-116
Mexican Entertainment System,Digital Expo,September,2025-08-01,FALSE,???,"Yes, featuring???",???,For Mexican developers.,https://docs.google.com/forms/d/e/1FAIpQLSe8IeF-mlVc1kCgNjINt8HLVuiUGoQwztM9iA3jFZ0vkvxbRg/viewform,,FALSE,-116
Cozy Job Simulators,Digital Expo,September,2025-08-01,FALSE,Free,"Yes, featuring",???,"""A celebration event for cozy, cute, wholesome and family friendly job simulator games on Steam!""",https://docs.google.com/forms/d/e/1FAIpQLSdHvuedj4ytTxGnLb3onTdRnFVozbuOyH39-BBuwQZpnznhjg/viewform,,FALSE,-116
"The Love, Romance, and Heartbreak Debutante Ball",Digital Expo,February,2025-07-31,FALSE,Free,Yes,???,"Curated event. ""for games about that tricky thing called love (or about a desire to remain single), taking place in February around Valentine's Day""","https://docs.google.com/forms/d/e/1FAIpQLSffbSgLy1V3jl5K6djHp2m5GQnj-f5cQJnFeIcVwm80Na_kMw/viewform
https://www.sunnydemeanorgames.com/festivals",,FALSE,-117
Let Freedom Ring Jubilee,Digital Expo,July,2025-07-31,FALSE,Free,Yes,???,"Curated event. ""... to celebrate this historic milestone by bringing together video games celebrating the USA, American history, indigenous peoples, fights for freedom around the world,...""",https://docs.google.com/forms/d/e/1FAIpQLSf9_-GLLFLoJuWTx7hUL7y84GymZJiByfAnxhPdYh575WPVeA/viewform,,FALSE,-117
Games Against Living Miserably,Digital Expo,September,2025-07-31,FALSE,Charity Donation,Yes,???,Curated event.,https://docs.google.com/forms/d/e/1FAIpQLSePrOMvf2pcrZOoeMzufPli5B-Ty3_GraEBBPcisw1M3gfpeA/viewform,,FALSE,-117
The ANZ Indie Showcase,Digital Expo,August,2025-07-25,FALSE,Free,Yes,???,The ANZ Indie Showcase is a showcase for indie games made in Australia or New Zealand. ,"https://docs.google.com/forms/d/e/1FAIpQLSfVviUkDnZMZui5QiAI9fEJ4bLXCgvmba8gNQctndr1VMstgg/viewform
https://docs.google.com/forms/d/e/1FAIpQLSc5Us8ShuK1S0iLFbgCvk4YGb0AhzxaOe482YD6pj42HtKv-g/viewform",,FALSE,-123
Indie Fan Fest,Digital Expo,August,2025-07-18,FALSE,600$,???,???,Curated event.,"https://mediaindieexchange.com/showcases/indie-fan-fest-fall-2025
https://indiefanfest.com/",,FALSE,-130
No time to loot,Digital Expo,September,2025-07-17,FALSE,Free,Yes,???,"""- Dungeon Crawler- Loot / Looter Shooter- RPG (any variation)""",https://docs.google.com/forms/d/e/1FAIpQLSfCEQO6gHqRizBdojVYh1uCthrKOMoQzraeU0RTol7K3ob5rg/viewform,,FALSE,-131
devINITIVE,Digital Expo,September,2025-07-15,FALSE,???,???,???,Curated event. Estar desarrollado en LatinoamÃ©rica o EspaÃ±a.,https://www.dev-initive.com/,,FALSE,-133
Games Without Borders by Tencent,Digital Expo,October,2025-07-15,FALSE,Free,Yes,???,You need demo/ playable build,https://gameinstitute.tencent.com/awards2025,anyone knows?,FALSE,-133
Romance Visual Novels Steam Festival,Digital Expo,October,2025-07-15,FALSE,Free,Yes,???,"Curated event. ""must be a visual novel or visual novel hybrid .. focused on romance """,https://docs.google.com/forms/d/e/1FAIpQLSenIsLOMl_7uzk4oJ0-9Ok38u6zsZxo-LD_X-Tjt72awpSiQg/viewform,,FALSE,-133
AdventureX,Digital Expo,November,2025-07-14,FALSE,???,"Yes, featuring",Yes,Curated event,https://adventurexpo.org/,https://store.steampowered.com/publisher/ASHGAMES/sale/AdventureX2022/,FALSE,-134
Indie Assemble: The 123 Stars,Digital Expo,September,2025-07-13,FALSE,Free,Yes,???,"Curated event. ""The participating titles will be selected by Excaliber, with support from a Jury of industry experts""",https://docs.google.com/forms/d/e/1FAIpQLSfQIneORc-abYIhH-Qu0pNdDs_acX1xwojxJHEVKJ76K8as_g/viewform,,FALSE,-135
The Hungry Ghost Festival,Digital Expo,September,2025-07-05,FALSE,Free,Yes,???,"""The game has horror, dark, creepy, mysterious, or supernatural theme""",https://docs.google.com/forms/d/e/1FAIpQLScV6Kr3xA_cw7l3AdzKmXv83F0zYkr1R-NVP8C8WHDvC4gGNw/viewform,,FALSE,-143
Games under 5 hours,Digital Expo,October,2025-06-30,FALSE,Free,Yes,???,"Curated event. ""A main story under 5 hours (according to HowLongToBeat.com)  """,https://gamesunder5hours.com/,,FALSE,-148
Wholesome Games Celebration,Digital Expo,August,2025-06-23,FALSE,Free,Yes,???,Curated event. Wholesome Games,"https://wholesomegames.com/
https://docs.google.com/forms/d/e/1FAIpQLScFTcqvl-IStFJsjRmnqgXyrBYugnvlovTj7BFUIRpPnGU3FQ/viewform",,FALSE,-155
Wonders of Wizardry,Digital Expo,September,2025-06-23,FALSE,Free,Yes,Free,"""Steam games, released or upcoming, with a ðŸ§™ WIZARD ðŸ§™ theme. It is not enough for a game to include magic-users, it must be about magic-users, and preferably those with an academic, bookish, arcane bent.""",https://docs.google.com/forms/d/e/1FAIpQLScD_tUm7LL_RtuKqwYp8aPTzxNIXsOsQ03fAGrlk-V5CqkY3w/viewform,,FALSE,-155
Games Germany,Digital Expo,July,2025-06-15,FALSE,Free,"Yes, featuring???",???,Curated event for games from Germany,"https://docs.google.com/forms/d/e/1FAIpQLSeihqKIeJEuLB7yRu0AVxpwwingKSGWllMTbPINHxYGvznJhQ/viewform
https://www.games-germany.de/",,FALSE,-163
Boomstock,Digital Expo,October,2025-06-15,FALSE,Free,Yes,???,"Curated event. ""celebrating kick-ass action games (so they go BOOM) """,https://docs.google.com/forms/d/e/1FAIpQLScSi_1twtGTeJDb-vSecLjsRbqtJ6uBAesaTXCmV9T1Vt9Mvw/viewform,,FALSE,-163
Game Devs of Color Expo,Digital Expo,September,2025-06-13,FALSE,Free,Yes,Yes with front page featuring (Takeunder Banner),"Curated event. ""This event centers on people of color. If you identify as a person of color, you are more than welcome to apply."" Around 70 games featured, demos are optional.",https://www.gamedevsofcolor.org/apply,"https://store.steampowered.com/sale/gdocexpo2024
https://store.steampowered.com/sale/gdocexpo2023
https://store.steampowered.com/curator/38233967/sale/gradientconvergence2022/
https://store.steampowered.com/sale/gradientconvergence2021
https://store.steampowered.com/sale/gradientconvergence",FALSE,-165
Moonlite Madness,Digital Expo,June,2025-06-12,FALSE,???,No,???,Curated event.,https://nevermoreniche.com/moonlite-madness/,,FALSE,-166
Steam Digital Tabletop Fest,Digital Expo,March,2025-06-11,FALSE,Free,Yes,Yes,"Curated event. ""We welcome the submission of any digital tabletop-related video game for this event.""",https://docs.google.com/forms/d/e/1FAIpQLSfHnzRMkA_nhi8Enm-lgPO1vJ7UDmFMAJx31Jk_EauvkAjenQ/viewform,https://store.steampowered.com/sale/tabletopfest,FALSE,-167
Rainbow Tech Fest,Digital Expo,June,2025-06-11,FALSE,Free,???,???,"Curated event. ""We're featuring games created by/or featuring LGBTQIA+ characters games during our opening day kick-off celebration.""",https://bsky.app/profile/rainbowtechfest.bsky.social/post/3low4odifws2m,,FALSE,-167
Games To Get Excited About Fest,Digital Expo,June,2025-06-10,FALSE,???,No,???,Curated event.,https://docs.google.com/forms/d/e/1FAIpQLSfmdgMXfc64YBNgETXMQHUj6ru_f577hXWp8dP2XwCozKgOYA/viewform,,FALSE,-168
Tiny Teams,Digital Expo,August,2025-06-09,FALSE,Free,Yes with front page featuring,YES,"You need a demo. It is a curated event for small teams, <5 members as of 2021. Games streamed on twitch, youtube.",https://www.yogscast.games/tinyteams,https://store.steampowered.com/sale/tinyteamsfestival,FALSE,-169
Summer Postcard Fest,Digital Expo,September,2025-05-29,FALSE,Free,???,???,"Curated event. ""We want to give players one last taste of summer """,https://docs.google.com/forms/d/e/1FAIpQLSecUV7CUnOedrpoWOnpo5M6MIp8PsbVo_dgqPzQB07Qum_q8g/viewform,,FALSE,-180
Cozy Quest,Digital Expo,November,2025-05-26,FALSE,Free,"Yes, with featuring",???,"Curated event. ""a mix of classic, new, and upcoming cozy delights""",https://docs.google.com/forms/d/e/1FAIpQLSdCWvvkQRVbz0Hc8y59wwaXdgi-YQYV1312u7p9qMAtH6bQIw/viewform,"https://store.steampowered.com/sale/CozyQuest2023
https://store.steampowered.com/sale/CozyQuest2024",FALSE,-183
Busan Indie Connect Festival,Digital Expo,August,2025-05-15,FALSE,???,???,???,Curated event.,https://bicfest.org/enroll/information,,FALSE,-194
Short Games Showcase,Digital Expo,August,2025-05-15,FALSE,Free,Yes,???,"Short Games Showcase is an event dedicated to celebrating short video games on Steam.

This showcase highlights games that offer a complete and fulfilling experience within 1 to 4 hours of gameplay, making them perfect for players who enjoy concise and impactful narratives.",https://ogrepixel.com/shortgames/,,FALSE,-194
A Blast in the Past,Digital Expo,September,2025-05-15,FALSE,Free,Yes,???,"Curated event. âœ… Eligible games meet this criteria: Are set in a historical period (or periods) before 1990 ... Strive for a degree of historical accuracy ... Reflect the technology, societies, conflicts, or daily lives of people from the past",https://docs.google.com/forms/d/e/1FAIpQLScUhjY_jzx1FoDt0wjhLdjdtmluXR77fsQQtJ_DVH5s1rjtig/viewform,,FALSE,-194
Black Voices in Gaming,Digital Expo,June,2025-05-07,FALSE,Free,Yes,???,"Curated event, dedicated exclusively to presenting games created by Black developers, titles featuring Black protagonists",https://form.jotform.com/251054590127957,,FALSE,-202
Back to school,Digital Expo,August,2025-05-04,FALSE,Free,Yes,???,"Curated event. ""We want to celebrate the start of the new school year with games that are educational, productivity-enhancing, and help enrich your mind""",https://tally.so/r/nrYqE2,https://store.steampowered.com/sale/BacktoSchoolSale2024,FALSE,-205
Games in NY,Digital Expo,May,2025-05-02,FALSE,Free,Yes,???,"Curated event. "" We are accepting games that are set, designed and published in NY (City and State).""",https://docs.google.com/forms/d/e/1FAIpQLSc9_3AlU2THKolrpNNlrdb2o4qe8rNHMAhxqIV_X9i7tjmjyA/viewform,,FALSE,-207
Eastern Martial Artists,Digital Expo,June,2025-04-30,FALSE,Free,Yes with featuring,???,"Curated event. ""We welcome games featuring themes such as ninjas, samurais, martial arts, martial heroes, kung fu and cultivation, to participate in this event!""",https://www.spiralupgames.com/events/emaweek,,FALSE,-209
Indie Assemble,Digital Expo,May,2025-04-25,FALSE,???,Yes,???,"The initiative will run alongside Rome Video Game Lab, the festival that celebrates video games as a form of cultural expression and a tool for social engagement, held in Rome with the support of Excaliber. Indie Assemble will be a valuable opportunity for independent developers to showcase their games and reach a global audience of passionate players.",https://excaliber.it/en/excaliber-presents-indie-assemble-the-steam-promotion-dedicated-to-indie-games/,,FALSE,-214
Southeast Asian Games Showcase,Digital Expo,June,2025-04-15,FALSE,???,Yes,???,"Curated event. ""Only games being developed by Southeast Asia based or Southeast Asian-led development teams will be accepted. """,https://docs.google.com/forms/d/e/1FAIpQLScKskD1rRnA88gZeNIH1IByHuxZzPwmNJJMEgxM_78KOHbl1g/viewform,,FALSE,-224
IndieCade,Digital Expo,November,2025-04-14,FALSE,80$,Yes with front page featuring,Depends,"Curated event, only few games from paid submission got featuring.",https://www.indiecade.com/,https://store.steampowered.com/curator/5419830/sale/indiecade2022,FALSE,-225
Day of the Devs: Summer Game Fest,Digital Expo,June,2025-04-11,FALSE,Free,???,???,Curated event.,https://www.dayofthedevs.com/submit/,,FALSE,-228
East Asia Indie Games Celebration,Digital Expo,August,2025-04-04,FALSE,Free,Yes,???,"Curated event. ""We sincerely invite indie game developers from across East Asiaâ€”including Taiwan, China, Japan, Korea, Hong Kong, Macau, and other regionsâ€”to participate in this grand online game sales event. This is an opportunity to showcase the diverse and creative game culture of East Asia.""",https://docs.google.com/forms/d/e/1FAIpQLSd6OQhUuFQmCE0r4JlyQeVdhrFxs1i-ehCCbufv6yQDnmG7-w/viewform,,FALSE,-235
OTK Expo,Digital Expo,May,2025-04-01,FALSE,Free,No,Yes,Curated event with excellent streamer coverage,https://www.otkgamesexpo.com/,https://store.steampowered.com/curator/42428269/sale/OTKGamesExpo2025,FALSE,-238
Cerebral Puzzle Showcase,Digital Expo,May,2025-03-31,FALSE,Free,"Yes, featuring",Yes,Curated event,https://www.cerebralpuzzleshowcase.com,https://store.steampowered.com/sale/CerebralPuzzleShowcase,FALSE,-239
Indie3,Digital Expo,June,2025-03-31,FALSE,100$,???,???,Curated event from Best Indie Games channel.,"https://docs.google.com/forms/d/e/1FAIpQLSeZ0aWr0Fo9L_S5rlMC4mKtftO91yW6u7OtU6bAk3w8oHkiOw/viewform
https://www.youtube.com/watch?v=evBtIu6USWU&ab_channel=BestIndieGames",,FALSE,-239
FGS Live From gamescom latam,Digital Expo,May,2025-03-25,FALSE,Free,???,???,"""Each show will feature exclusive trailers, announcements, and deep dives on a variety of titles, from indie to AAA. Do you want to be involved?""",https://docs.google.com/forms/d/e/1FAIpQLSeqyl4mQuBrtzXbPMrmIIBDt0sbxiOrTiObwMTIgaEqJL8BBA/viewform?_sc=NDA3NTY2NCMxMTkyNTk%3D,,FALSE,-245
Wholesome Direct,Digital Expo,June,2025-03-20,FALSE,Free,Yes,Yes,"Curated event. A full-length showcase packed with exclusive footage and announcements from uplifting, emotionally resonant indie games. ",https://wholesomegames.com/,,FALSE,-250
Survival Games Sale,Digital Expo,June,2025-03-19,FALSE,Free,Yes,???,Steam games released or upcoming that fit the survival theme. ,https://docs.google.com/forms/d/e/1FAIpQLSfZdOG0I67izLbSkZELJEiX9GUxoBJZye_CQj9sx60z8SxWTA/viewform,,FALSE,-251
TurnBasedThursdayFest ,Digital Expo,June,2025-03-14,FALSE,Free,Yes,Free,Curated event.,"https://turnbasedfest.com/
https://docs.google.com/forms/d/e/1FAIpQLScVPAaW4v7-uHhXlFOzldPIQt3vdT0WB_neCLv4ozokAu8o_Q/viewform",,FALSE,-256
Otome Games Celebration,Digital Expo,May,2025-03-07,FALSE,Free,Yes,,"Curated event. ""... must call itself an otome somewhere ...""",https://docs.google.com/forms/d/e/1FAIpQLSeXPtplnRVFP6PeUOyB34ggmAUQCzXrIBoPbEBojFZtkRnjHg/viewform,,FALSE,-263
Six One Indie Showcase ,Digital Expo,May,2025-02-28,FALSE,Free,???,???,Curated event. 30 games,https://www.sixoneindie.com/,,FALSE,-270
The Days of Ramadan Festival,Digital Expo,March,2025-02-27,FALSE,Free,Yes,,Southeast Asia Game Aesthetic is hosting the first event for Steam-based event celebrating Ramadan month.,https://docs.google.com/forms/d/e/1FAIpQLSerqVf0ZllXR2wij6HJddLLJayQZG9g978MHVAiy0OC3KRY9A/viewform,,FALSE,-271
Strategems,Digital Expo,April,2025-02-21,FALSE,Free,Yes,,"Strategy games from all sub-genres, including turn-based, roguelikes, 4X, tower defenses, deckbuilders, and moreâ€”focusing on games with high replayability.
Games priced at no more than $14.99 / 14,99â‚¬ or equivalent.
Ideally, discounted prices for released games and with a demo for unreleased games.",https://docs.google.com/forms/d/e/1FAIpQLSdWjC_9q-1wDwCl_2jbdLzfcxCJagW369xV7MFIfRbweyEqGA/viewform,,FALSE,-277
Cozy & Family Friendly Game Fest,Digital Expo,February,2025-02-20,FALSE,Free,Yes (featuring),Yes,"Curated Event ""Only for cozy & family friendly games""",https://docs.google.com/forms/d/e/1FAIpQLScNIekmCjEvXUuiJbWjaPdOKxZ8S6_plW0sfkQ9_xoHSLnn9Q/viewform,https://store.steampowered.com/sale/cozyfest2024,FALSE,-278
SUGOI ,Digital Expo,March,2025-02-20,FALSE,Free,Yes,,SUGOI 2025 is a digital showcase that aims to explore what happens when games go off the rails.,https://docs.google.com/forms/d/e/1FAIpQLSe-np_V6bc6UtSTnbzL5mBYcb_Q67dn9G0Su5Qbc33XmmqDLg/viewform,,FALSE,-278
Frosty Games Fest,Digital Expo,June,2025-02-19,FALSE,Free,Yes,???,"If you're located in Australia or New Zealand, and working on a video game that you'd like to showcase as part of Frosty Games Fest â€“ we'd love to hear from you! ",https://docs.google.com/forms/d/e/1FAIpQLScX_dv81cAsXSpBWf6-FsupHqJpZ1afXoCchLEWGYdfVn9fMA/viewform,,FALSE,-279
Polish Constitution Days,Digital Expo,May,2025-02-16,FALSE,Free,Yes,???,Curated event. For games by Polish developers/publishers or with a Polish translation,https://docs.google.com/forms/d/e/1FAIpQLSc6kruMF0SQtyrvNvDwpAL-p2sKlHgW_o9cztvemRcostiImQ/viewform,,FALSE,-282
Minimal and Chill Steam Fest,Digital Expo,April,2025-02-14,FALSE,Free,Yes,???,"Curated event. ""What we're after are games that show the minimal side of game design;""",https://docs.google.com/forms/d/e/1FAIpQLSdYQE-R3jRNyu7PAyg9-6QdQQ7ZvaoU3mDy1478oGd2fV7x3w/viewform,,FALSE,-284
INDIE Live Expo - Summer,Digital Expo,April,2025-02-12,FALSE,Free,Yes with front page featuring,Yes,"Curated event but lots of games, overlapped with other festivals in June, but overall ok for being free.",https://indie.live-expo.games/en/entry/,https://store.steampowered.com/sale/indieliveexpo2021,FALSE,-286
Tacticon,Digital Expo,July,2025-01-31,FALSE,Free,Yes,Yes,"Curated event. Excellent, must attend event for strategy games.","https://www.tacticon.games/
https://docs.google.com/forms/d/e/1FAIpQLSd4qsGBkGGa2pi4zPkc8YnESEyM5Q0aFxU8Iife_zYhc9WmTA/viewform",https://store.steampowered.com/sale/TactiCon,FALSE,-298
London Games Festival,Digital Expo,April,2025-01-24,FALSE,Free,Yes,???,This event is to show off the amazing games that have come out of London so please only apply if you are a London-based publisher or Development Studio. ,https://docs.google.com/forms/d/e/1FAIpQLSeh2LSTOJ1HzgJKROTkClYp8s22ISJo5rt4_fTFWMqGU3fTMA/viewform,,FALSE,-305
Myths & Legends,Digital Expo,February,2025-01-01,FALSE,Free,???,???,"""Our criteria for eligible candidates includes:ðŸ—¡ï¸ Established, real world myth and storyðŸ—¡ï¸ Myths will have a setting and heavy basis in the story or narrativeðŸ—¡ï¸ Must contain substantial real-world folklore material i.e. a game containing a sword called â€œExcaliburâ€ does not make it Arthurian in mythosðŸ—¡ï¸ Will be overt in the reference, i.e. witches will not qualify, however the Baba Yaga will.""",https://docs.google.com/forms/d/e/1FAIpQLScTnpJUJoLaAojwiV3YK_mhRNpmmXO_t3a6MdLTMoC9bAfq1g/viewform,,FALSE,-328
Sport-acular Steam Fest,Digital Expo,March,2024-12-13,FALSE,Free,Yes,???,"We're calling all developers and publishers to bring their sports games to the spotlight at the first-ever Sport-acular Steam Fest! Whether it's racing, extreme sports, football, or golf, we want to celebrate the thrill of the game and the rush of competition. ",https://docs.google.com/forms/d/e/1FAIpQLScm1ojawi2RdikVGDqWCy2fw5OdVgckYMFd2h8ltf3u6DWLjA/viewform,,FALSE,-347
Womenâ€™s Day Sale,Digital Expo,March,2024-12-10,FALSE,Free,Yes,Yes,"Curated event. ""The game is made by a team in which women and other gender marginalised developers hold key positions (CEO, creative director, lead designer,  art director, founder...)""",https://womensdaysale.carrd.co/,https://store.steampowered.com/sale/womenday24,FALSE,-350
Precision Platformer Fest,Digital Expo,March,2024-12-08,FALSE,Free,Yes,???,"The Precision Platformer Fest is a tentative third-party Steam event organized by 2 Left Thumbs. In order to apply for a Steam event, you need to present a shortlist of games that have already made a soft commitment to participating. The more games that apply, the more likely we are to secure an event!",https://docs.google.com/forms/d/e/1FAIpQLSeXjftLq8M-3JUibMepagbo21pwANb7Nwhjh8uyer4kqL5zXA/viewform,,FALSE,-352
Farm & Harvest,Digital Expo,February,2024-12-07,FALSE,Free,Yes,???,The Farm & Harvest 2025 Steam Sale is here! We are looking for games that fit the theme of farming and agriculture. Whether it's classic farming simulations or city builders with a large farming component â€“ we want to celebrate these games!,https://docs.google.com/forms/d/e/1FAIpQLSeZd9aS6Charcao8j6MqYEiwKp66MnabdqLY4pLAbF8u5YTKA/viewform,,FALSE,-353
LudoNarraCon,Digital Expo,April,2024-12-06,FALSE,Free,"Yes, with steam featuring",Yes,Curated event.,https://www.ludonarracon.com/,https://store.steampowered.com/sale/ludonarracon,FALSE,-354
The Storyteller's Festival,Digital Expo,February,2024-12-03,FALSE,Free,Yes,???,"Curated event. "" celebration of the art of storytelling, featuring a wide range of visual novels and narrative games that showcase the best in interactive fiction""",https://docs.google.com/forms/d/e/1FAIpQLSfEys_1FsEzwe3Y_j8x9bSEoftPA9869zdf3f9BJ7LnjKHeSw/viewform,,FALSE,-357
Dice Dimensions,Digital Expo,March,2024-11-27,FALSE,Free,"Yes, Daily deal",Free,"""We want to push dice-rolling games genre forwards, by creating the curated themed event with all the games that features dice mechanics in it! """,https://docs.google.com/forms/d/e/1FAIpQLSdUm9E2lpcnhZzxAXWXzwr3Ztum45KaQr9rLOdbUvlyhnASoQ/viewform,,FALSE,-363
Indie Multiplayer Celebration,Digital Expo,December,2024-10-14,FALSE,Free,"Yes, featuring probably???",???,"Curated event. ""- Only games that are primarily focused on multiplayer are eligible for this event.
- We're also limiting participation to ""Indie games."" ... we're looking for games developed by teams of fewer than 20 people, without ties to AAA publishers or studios. ..""",https://docs.google.com/forms/d/e/1FAIpQLSejctumzVwelBTTzWVfS8VqbWfqT7OvkYGdT1NamD4Pt7DWcg/viewform,,FALSE,-407
Bullet Heaven Fest,Digital Expo,November,2024-09-26,FALSE,Free,"Yes, no featuring",???,Curated event for bullet heaven genre games.,https://forms.gle/cUrGBEwT5MFE5kC46,,FALSE,-425
The Indie Horror Showcase,Digital Expo,October,2024-09-16,FALSE,Free,???,???,"Curated event. ""Presented by DreadXP in partnership with The MIX. 
Donâ€™t miss out on the yearâ€™s best in independent horror gaming.""",https://www.indiehorrorshowcase.com/,,FALSE,-435
Save & Sound,Digital Expo,June,2024-09-06,FALSE,Free,Yes,Yes,Curated event.,https://www.saveandsound.io/,https://store.steampowered.com/curator/40246264/sale/savesound,FALSE,-445
Turn-Based Carnival,Digital Expo,November,2024-08-31,FALSE,Free,"Yes, featuring",Free,Curated event for turn based games.,https://docs.google.com/forms/d/e/1FAIpQLSdYItqFlI4JYyAlX2iqoySBo1pk0Pv5BxJr6ufgEdAHQMerEg/viewform,,FALSE,-451
Dames 4 Games,Digital Expo,October,2024-08-07,FALSE,Free,???,???,"Curated event. ""The Dames-4-Games team continues to work hard to create spaces so that women in the gaming community will always have a place to share their journey. We want to help women and other marginalized voices celebrate all that theyâ€™ve done and continue to do.""",https://form.jotform.com/233177021990051,,FALSE,-475
The Mix Seattle,Digital Expo,August,2024-08-02,FALSE,500$,???,???,Curated event.,https://mediaindieexchange.com/showcases/mix-seattle-2024,,FALSE,-480
Roguelike Celebration,Digital Expo,October,2024-08-01,FALSE,Free,"Yes, weekend deal featuring",Yes,"Curated event. ""The best way to get in is to submit a talk! We like to feature games from current and post speakers. But, you know, make it a good talk. We're not going to accept a proposal that's just an ad for your game. PS: our CFP is currently open ðŸ˜‰
The next best way to get in is to be a known participant in the roguelike community. And the final best way is to have a game that aligns with our values, actually is a roguelike or uses procedural generation, and has something unique about it."" Join mail list to get event invite.",https://roguelike.club/,https://store.steampowered.com/sale/roguelikecelebration2021,FALSE,-481
Frog themed Steam Sale,Digital Expo,October,2024-07-21,FALSE,???,Yes,???,"The entry requirements for both Demos and Released Games are really simple:
- Prominently feature frogs in the gameplay",https://docs.google.com/forms/d/e/1FAIpQLSe28ehfvDJHWF8B5cZJaGSbDs_MiMzOXZMrKJBkQ99_vX9iiw/viewform,,FALSE,-492
Cat Awarness Steam Sale,Digital Expo,August,2024-07-20,FALSE,Free,Yes,???,Curated event. Games with cats,https://www.devcatsgames.com/catawarenesssteamsale,,FALSE,-493
SimFest,Digital Expo,July,2024-06-11,FALSE,Free,Yes,???,Curated event.,https://docs.google.com/forms/d/e/1FAIpQLSehAjyUdy0gGJEGnL4gHJ4GMTGsAfM4_ACCxiqNhzrx7r1mhA/viewform,,FALSE,-532
Jump High,Digital Expo,June,2024-05-24,FALSE,Free,???,???,"Curated event. ""This online exhibition is free and welcome all unreleased/unported games to register. """,https://global.jump-game.com/jumphigh/,,FALSE,-550
"Kick it, Slam it, Own the Game!",Digital Expo,June,2024-05-19,FALSE,Free,Yes,???,"Curated event. We feel that sports games and other titles related to this genre are underrepresented on Steam, especially during sales events. To change that, we're hosting this event for your games to help them reach the right audience and attract new potential players.",https://docs.google.com/forms/d/e/1FAIpQLSfwwDZ85qOcgywKUc8znTArja779MwYbZWHiATtMscIjBtGgQ/viewform,,FALSE,-555
PixElated Festival,Digital Expo,July,2024-05-10,FALSE,Free,Yes,Yes,"Curated event. 3. Your game has one of the tags: Pixel Art, Pixel Art Graphics
4. Your game ALSO has one or both of those tags: Adventure, RPG",https://glittery-desert-ad1.notion.site/What-is-PixElated-1740ec1a44de4d12853d21ccfb192a9a,,FALSE,-564
Guerilla Collective,Digital Expo,June,2024-04-26,FALSE,"Free to apply, $500 if you get selected",Yes with front page featuring,Yes,"Covered by all big medias, a ton of exposure for $500 (that you pay only after you're selected)","https://www.guerrillacollective.com/
https://mediaindieexchange.com/showcases/guerrilla-collective-2024",,FALSE,-578
Future of Play Direct,Digital Expo,June,2024-04-19,FALSE,Free,Yes,???,Curated event.,https://heyglitch.com/s5opencall/,https://store.steampowered.com/curator/40697905/sale/futureofplay,FALSE,-585
Automation Games Sale,Digital Expo,April,2024-03-13,FALSE,Free,Yes,It's free,"Curated event. ""Criteria: Your game should feature gameplay elements of the automation processes: conveyor lines; helping bots / minions; supply units, etc. There is no restriction on the setting of your game: medieval or sci-fi â€“ it doesn't matter, as long as the project should contain the automation elements.""",https://docs.google.com/forms/d/e/1FAIpQLSd4KUxQeF2Nxl38J0nGa-rY9EW-GkLesQ5ZUynUrdZtWwJl3Q/viewform,,FALSE,-622
Access-Ability Summer Showcase,Digital Expo,July,2024-03-13,FALSE,???,???,???,Curated event. https://www.eurogamer.net/the-access-ability-summer-showcase-was-a-vital-addition-to-the-summer-game-fest-season,https://twitter.com/LaurakBuzz/status/1767862399825035349?s=20,,FALSE,-622
Dames 4 Games,Digital Expo,March,2024-01-07,FALSE,???,???,???,"Curated event. ""he Dames-4-Games team continues to work hard to create spaces so that women in the gaming community will always have a place to share their journey. We want to help women and other marginalized voices celebrate all that theyâ€™ve done and continue to do.""
Was part of mix: https://mediaindieexchange.com/showcases/dames-4-games-june-2023","https://twitter.com/Dames4Games
https://form.jotform.com/233177021990051",,FALSE,-688
Indie RPG,Digital Expo,July,2023-12-31,FALSE,Free,Yes,???,"The scope of RPG Direct in 2024 is only to include indie RPGs together on a Steam page to help players find new indie RPGs to buy, try, and wishlist,",https://docs.google.com/forms/d/e/1FAIpQLSeb7dIxKp1iKw023H5xrWp_JJk5Yv4VZfjem5HvnOspfI3Guw/viewform,,FALSE,-695
The MIX - PGA,Digital Expo,October,2023-10-01,FALSE,???,???,???,For games that are exibited at PGA,https://mediaindieexchange.com/showcases/poznan-game-arena-2023,,FALSE,-786
Latin American Games Showcase,Digital Expo,February,2023-09-06,FALSE,Free,???,Its free,Curated event. For games from Latin America or Latino devs.,https://www.lagshowcase.com/,,FALSE,-811
Scottish Games Steam Sale,Digital Expo,September,2023-09-01,FALSE,Free,Yes,Charity Event,"It is a charity sale with a donate-what-you-can mechanic - either a one-off donation to the charity or a % of sales
We can include upcoming games, demos and DLC
To be eligible to take part, the studio or members of your development team must be from or located in Scotland",If you would like your game included please drop me an email at korina@neonhive.co.uk,,FALSE,-816
Programmer's Day Sale,Digital Expo,September,2023-07-31,FALSE,Free,Yes,???,"Curated event. ""party of games that are not only fun to play, but can teach you to think like a true engineer and feel like a tech wizard!""",https://docs.google.com/forms/d/e/1FAIpQLSfGmytxgFbQuahF86Yv0WcLCjdGatW4fWhHc1G7pZQleg2CNA/viewform,,FALSE,-848
The Mix Next,Digital Expo,September,2023-07-21,FALSE,$500 if you get selected,"Yes, with featuring",Yes!,"Curated event. Steam featuring, worth the money! (Previous editions)",https://www.mediaindieexchange.com/,https://store.steampowered.com/sale/TheMIXNext,FALSE,-858
Realms Deep,Digital Expo,August,2023-07-15,FALSE,Free,"Yes, with featuring",Yes,"Curated event ""3D Realmsâ€™s shooter-focused digital event""",https://www.realmsdeep.game/,"https://store.steampowered.com/sale/RealmsDeep2021
https://store.steampowered.com/sale/RealmsDeep2022",FALSE,-864
EEK3 2023 Indie Games Showcase,Digital Expo,November,2023-07-15,FALSE,Free,???,???,Curated event. For PS1-Aesthetic games,https://docs.google.com/forms/d/e/1FAIpQLScf0CW761DSRQ74OAQO2XkYSogZykL9sNM_oPbrXywZ7PXMIg/viewform,,FALSE,-864
Dreamhack Beyond,Digital Expo,October,2023-07-01,FALSE,Free,Yes,Yes,Curated event.,https://dreamhack.typeform.com/Summer23Indie,https://store.steampowered.com/sale/DreamHackBeyondGameAwards2023,FALSE,-878
Season of Pride,Digital Expo,July,2023-05-30,FALSE,Free/Paid,Yes,Yes,"Curated event. The main requirement to join the sale and marathon is for the games to have rich queer characters and/or storylines. The goal of this sale is showcasing *representation* across the LGBTQIA+ spectrum.
In the Steam event, we will allow some games to be featured more prominently for a nominal fee, though all accepted games will be included. If you would like to learn more about this, let us know and we will follow-up with you shortly. The funds go to MidBoss to cover all costs in production.","https://seasonofpride.tv/
https://docs.google.com/forms/d/e/1FAIpQLSdTb--y6LZae3XzIzdfdXOXfhHzuEXq6jJxk0zAWWmYjwYbQQ/viewform",https://store.steampowered.com/sale/seasonofpride2022,FALSE,-910
Games Made in Europe,Digital Expo,May,2023-03-28,FALSE,Paid (starts at 1500/750 EUR),"Yes, its first eddition, don't know what to expect","its first eddition, don't know what to expect","Curated event for lowest paid tiers, guaranteed selection and positioning for mid and high paid tier.",https://www.gamesmadeineurope.eu/,,FALSE,-973
The Mix Live Showcase,Digital Expo,March,2023-02-03,FALSE,$500 if you get selected,Yes,Yes!,"Curated event. Steam featuring, worth the money! (Previous editions)",https://www.mediaindieexchange.com/,,FALSE,-1026
Friendship Games Week,Digital Expo,February,2023-01-31,FALSE,Free,Yes,???,"Curated event. "" Must be playable by at least 2 players on 1 computer at the same time.""",https://docs.google.com/forms/d/e/1FAIpQLSe7jbO9WMqXCf7oAXJ35fX-sIq9EO__b_SfnOEOPX2GAeSoDQ/viewform,https://store.steampowered.com/sale/friendshipgamesweek,FALSE,-1029
My Friend Machine,Digital Expo,March,2023-01-13,FALSE,Free,Yes,???,"Curated events about: ""exploring the diversity of human-machine interaction in video games, Games that only include robots/machines/tech with no people or no real interaction between them are not eligible.""",https://docs.google.com/forms/d/e/1FAIpQLSfln7jy5-XiEDg2_YvHUWdJ8ckrD6RcnDD9-0eo5_lXlWwQCw/viewform,,FALSE,-1047
Demospree,Digital Expo,January,2022-12-04,FALSE,Free,No,???,Curated event,https://demospree.com/,,FALSE,-1087
Melbourne International Games Week,Digital Expo,October,2022-08-07,FALSE,Free?,Yes (weekend deal feature),Yes,Curated event. Need more info.,https://gamesweek.melbourne/,https://store.steampowered.com/sale/migw2021,FALSE,-1206
Fear Fest,Digital Expo,September,2022-08-05,FALSE,Free,Yes,???,Curated event for horror games,https://fearfest.online/,,FALSE,-1208
Games From Ontario Steam Sale,Digital Expo,September,2022-07-22,FALSE,???,Yes (No featuring),???,Curated event,https://twitter.com/IOnews/status/1539240741150642179,,FALSE,-1222
Seattle Indies Expo,Digital Expo,September,2022-06-25,FALSE,"$6 for submission, 60$ when selected","Yes, weekend deal featuring",Yes,Curated event. Had featuring from Steam and Twitch. For devs from Pacific NW US. Jury provides great feedback,https://six.seattleindies.org/,https://store.steampowered.com/sale/six2021,FALSE,-1249
The Nightmarket Festival,Digital Expo,August,2022-06-13,FALSE,Free,Yes,???,Curated event for games made in Southeast Asia,https://form.jotform.com/221271787982467,,FALSE,-1261
GameMaker Awards,Digital Expo,July,2022-05-24,FALSE,Free,Yes,Yes,Curated events for GameMaker games.,https://gamemaker.io/en/blog/awards-2022-submit,,FALSE,-1281
SwissGames Showcase,Digital Expo,July,2022-02-13,FALSE,Free,Yes,???,Curated event.,https://swissgames.ch/swissgames-showcase/,https://store.steampowered.com/sale/SwissGamesSale,FALSE,-1381
Future Games Show - Spring,Digital Expo,March,2022-02-04,FALSE,Paid and free options,Yes,???,Curated event. Need more info.,https://www.gamesradar.com/future-games-show/,https://store.steampowered.com/sale/futuregamesshow,FALSE,-1390
Pancake Week,Digital Expo,February,2022-01-17,FALSE,Free,"Yes, with featuring",Yes,"Curated event, CIS region",https://docs.google.com/forms/d/e/1FAIpQLSe5bcSucuajhooujd9R4bYHcm4fWjb6jMDPILVb_pMRTtxSoQ/viewform,https://store.steampowered.com/sale/PanCakeWeek,FALSE,-1408
Games from Quebec,Digital Expo,January,2021-12-17,FALSE,Free,"Yes, featuring",Yes,Curated event,https://docs.google.com/forms/d/e/1FAIpQLSd1Ajz-P4qXjbsqhhgLaO8llX_XlU0kc8euQvQRNVrUJ6MyQQ/viewform,https://store.steampowered.com/sale/quebec,FALSE,-1439
The Big Adventure Event,Digital Expo,January,2021-12-15,FALSE,Free,"Yes, featuring???",Yes,Curated event.,https://bigadventureevent.com/,https://store.steampowered.com/sale/thebigadventureevent,FALSE,-1441
GI's Biz Indie Publishing Awards,Digital Awards,May,TBA,FALSE,$35,No,Depends,"Curated Event, For games looking for a publisher/funding",https://www.gamesindustry.biz/network/events/1973,,#VALUE!,#VALUE!
Golden Joysticks Awards,Digital Awards,November,TBA,FALSE,???,Yes,???,Curated event,https://www.gamesradar.com/golden-joystick-awards/,https://store.steampowered.com/sale/goldenjoystickawards2020,#VALUE!,#VALUE!
The Games Awards Festival,Digital Awards,December,TBA,FALSE,???,"Yes, featuring???",???,Curated event.,https://thegameawards.com/festivals,https://store.steampowered.com/sale/thegameawardssale,#VALUE!,#VALUE!
pitchyagame - November,Digital Awards,November,2025-11-07,FALSE,Free,No,???,Event official page: https://beyondthebook.notion.site/,https://pitchyagame.com/,,FALSE,-18
Bafta,Digital Awards,April,2025-11-06,FALSE,Â£264/Â£528,???,???,Curated event.,https://www.bafta.org/awards/awards-information/games/,,FALSE,-19
IGF (Independent Games Festival),Digital Awards,March,2025-10-08,FALSE,75$,Yes,Depends,"Curated event, chances to be nomitated are very slim but it is a chance to get your game in front of 300 industry veterans & press.
https://twitter.com/MOOMANiBE/status/1336795306621456384","https://igf.com/igf-competition-rules/
https://igf.com/","https://store.steampowered.com/sale/IGFGDCA2020
https://store.steampowered.com/sale/IGFGDCA2021",FALSE,-48
The Indie Game Awards,Digital Awards,December,2025-09-30,FALSE,???,???,???,"Curated event. ""Games must have launched between November 1st, 2024 and October 31st, 2025 in order to be eligible.""",https://www.indiegameawards.gg/,,FALSE,-56
Horror Game Awards Halloween Showcase,Digital Awards,September,2025-09-23,FALSE,???,???,???,Curated event.,https://docs.google.com/forms/d/e/1FAIpQLScTdH_vL89H9Ys5pMh9t7qD86QNC-JT-ZkqVOomuECbT7j5CA/viewform,,FALSE,-63
pitchyagame - June,Digital Awards,June,2025-06-06,FALSE,Free,No,???,"#PitchYaGame is a voluntary movement showcasing independent video games all across the world; pitched live twice a year, in June and November.",https://pitchyagame.com/,,FALSE,-172
INDIE GAME CONTEST,Digital Awards,November,2025-06-06,FALSE,Free,No,???,"""An internal selection committee at East Games will choose several games to be finalists in the competition.""",https://eastgames.org/indiegamecontest/,,FALSE,-172
The Mix Spring,Digital Awards,March,2025-02-07,FALSE,600$,???,???,Curated event.,https://mediaindieexchange.com/,,FALSE,-291
RPG Maker Festival ,Digital Awards,February,2025-01-05,FALSE,Free,Yes,???,Curated event. Games made in RPG maker.,https://docs.google.com/forms/d/e/1FAIpQLSej5ngAlZiC4cTRDIoCV8XuCEx4JUiveyny4z7SuGsnxRg5Sw/viewform,,FALSE,-324
Debug Indie Game Awards,Digital Awards,December,2024-12-17,FALSE,???,???,???,Curated event. Awards,https://www.teamdebug.com/awards,,FALSE,-343
Raid Survivor Festival,Digital Awards,September,2024-09-14,FALSE,Free,???,???,"Curated event. Raid Survivor Festival is a Steam event hosted by 101XP, featuring exclusively a special genre of Survivors-like Bullet Hell games.",https://docs.google.com/forms/d/e/1FAIpQLSfpyZ2eUpTCVCbps0T0AeGfU6Ip1dfGej5GtmNNDsIQjfLRVw/viewform,,FALSE,-437
GWB Game Awards,Digital Awards,November,2024-07-15,FALSE,Free,Yes,Free,"Curated event. Awards. The GWB Game Awards is open to all indie game development teams worldwide - there is no restriction on the personal or corporate identity of the competitors. Participation is 100% free and GWB will never ask for money in exchange for registration, a trophy or prize distribution.",https://gameinstitute.tencent.com/awards2024,,FALSE,-498
indiePlay-China,Digital Awards,November,2024-07-14,FALSE,Free,???,???,Curated event.,https://gmhub.com/special/indieplay2024,,FALSE,-499
Indie Cup,Digital Awards,September,2024-05-19,FALSE,Free,Yes,Yes,Curated event. Last edition didn't got steam featuring.,https://indiecup.net/en/,https://store.steampowered.com/sale/indiecup,FALSE,-555
The Time Masters Festival,Digital Awards,June,2024-05-15,FALSE,Free,Yes,???,Time Masters is a festival created by Bright Gambit aimed to celebrate Time Loop and Time related video games on Steam,https://docs.google.com/forms/d/e/1FAIpQLSdIerednJUx08jL7PuHVDoTPzmIdxsWQejgEMGCbiISGD9qfw/viewform,,FALSE,-559
Dreamhack Beyond Game Awards,Digital Awards,December,2023-12-08,FALSE,Free,Yes,Free,"""Join us in celebrating the best games on Steam that have been release in the last 12 months, and look forward with anticipation at the most promising titles coming in the next 12!""",https://dreamhack.typeform.com/2023GameAwards,https://store.steampowered.com/sale/DreamHackBeyondGameAwards2023,FALSE,-718
Colors Of Indie,Digital Awards,November,2023-11-12,FALSE,Free,???,???,"Curated event. ""Every indie dev who is working on a game that won't be released before November 30, 2023 on a small budget can participate"", ""we're trying to especially promote and support diversity in games or the industry""",https://www.mooneyestudios.com/colorsofindie,,FALSE,-744
Czech & Slovak Games Week,Digital Awards,November,2022-09-18,FALSE,Free,"Yes, featuring",Yes,Curated event for games from Czech & Slovakia,"https://gda.cz/
https://sgda.sk/",https://store.steampowered.com/sale/CZSKGamesWeek2021,FALSE,-1164
DevGAMM - Spring,Digital Awards,May,2021-10-01,FALSE,Around 100$,No (recent editions),On the Fence,"Curated even, organizers request lots of game keys, has some small streaming coverage. Some supporting activities like game review by professional designers, marketers. Recent editions didn't have steam page with featuring.",https://devgamm.com/,https://store.steampowered.com/sale/devgamm,FALSE,-1516
DevGAMM - Autumn,Digital Awards,November,2021-10-01,FALSE,Around 100$,No (recent editions),On the Fence,"Curated even, organizers request lots of game keys, has some small streaming coverage. Some supporting activities like game review by professional designers, marketers. Recent editions didn't have steam page with featuring.",https://devgamm.com/,https://store.steampowered.com/sale/devgamm,FALSE,-1516
,,,,FALSE,,,,,,,FALSE,-45986
,,,,FALSE,,,,,,,FALSE,-45986
,,,,FALSE,,,,,,,FALSE,-45986
,,,,FALSE,,,,,,,FALSE,-45986
,,,,FALSE,,,,,,,FALSE,-45986
,,,,FALSE,,,,,,,FALSE,-45986
,,,,FALSE,,,,,,,FALSE,-45986
,,,,FALSE,,,,,,,FALSE,-45986
,,,,FALSE,,,,,,,FALSE,-45986
,,,,FALSE,,,,,,,FALSE,-45986
,,,,FALSE,,,,,,,FALSE,-45986
,,,,FALSE,,,,,,,FALSE,-45986
,,,,FALSE,,,,,,,FALSE,-45986
,,,,FALSE,,,,,,,FALSE,-45986
,,,,FALSE,,,,,,,FALSE,-45986
,,,,FALSE,,,,,,,FALSE,-45986
,,,,FALSE,,,,,,,FALSE,-45986
,,,,FALSE,,,,,,,FALSE,-45986
,,,,FALSE,,,,,,,FALSE,-45986
,,,,FALSE,,,,,,,FALSE,-45986
,,,,FALSE,,,,,,,FALSE,-45986
,,,,FALSE,,,,,,,FALSE,-45986
,,,,FALSE,,,,,,,FALSE,-45986
,,,,FALSE,,,,,,,FALSE,-45986
,,,,FALSE,,,,,,,FALSE,-45986
,,,,FALSE,,,,,,,FALSE,-45986
,,,,FALSE,,,,,,,FALSE,-45986
,,,,FALSE,,,,,,,FALSE,-45986
,,,,FALSE,,,,,,,FALSE,-45986
,,,,FALSE,,,,,,,FALSE,-45986
,,,,FALSE,,,,,,,FALSE,-45986
,,,,FALSE,,,,,,,FALSE,-45986
,,,,FALSE,,,,,,,FALSE,-45986
,,,,FALSE,,,,,,,FALSE,-45986
,,,,FALSE,,,,,,,FALSE,-45986
,,,,FALSE,,,,,,,FALSE,-45986
,,,,FALSE,,,,,,,FALSE,-45986
,,,,FALSE,,,,,,,FALSE,-45986
,,,,FALSE,,,,,,,FALSE,-45986
,,,,FALSE,,,,,,,FALSE,-45986
,,,,FALSE,,,,,,,FALSE,-45986
,,,,FALSE,,,,,,,FALSE,-45986
,,,,FALSE,,,,,,,FALSE,-45986
,,,,FALSE,,,,,,,FALSE,-45986
,,,,FALSE,,,,,,,FALSE,-45986
,,,,FALSE,,,,,,,FALSE,-45986
,,,,FALSE,,,,,,,FALSE,-45986
,,,,FALSE,,,,,,,FALSE,-45986
,,,,FALSE,,,,,,,FALSE,-45986
,,,,FALSE,,,,,,,FALSE,-45986
,,,,FALSE,,,,,,,FALSE,-45986
,,,,FALSE,,,,,,,FALSE,-45986
,,,,FALSE,,,,,,,FALSE,-45986
,,,,FALSE,,,,,,,FALSE,-45986
,,,,FALSE,,,,,,,FALSE,-45986
,,,,FALSE,,,,,,,FALSE,-45986
,,,,FALSE,,,,,,,FALSE,-45986
,,,,FALSE,,,,,,,FALSE,-45986
,,,,FALSE,,,,,,,FALSE,-45986
,,,,FALSE,,,,,,,FALSE,-45986
,,,,FALSE,,,,,,,FALSE,-45986
,,,,FALSE,,,,,,,FALSE,-45986
,,,,FALSE,,,,,,,FALSE,-45986
,,,,FALSE,,,,,,,FALSE,-45986
,,,,FALSE,,,,,,,FALSE,-45986
,,,,FALSE,,,,,,,FALSE,-45986
,,,,FALSE,,,,,,,FALSE,-45986
,,,,FALSE,,,,,,,FALSE,-45986
,,,,FALSE,,,,,,,FALSE,-45986
,,,,FALSE,,,,,,,FALSE,-45986
,,,,FALSE,,,,,,,FALSE,-45986
,,,,FALSE,,,,,,,FALSE,-45986
,,,,FALSE,,,,,,,FALSE,-45986
,,,,FALSE,,,,,,,FALSE,-45986
,,,,FALSE,,,,,,,FALSE,-45986
,,,,FALSE,,,,,,,FALSE,-45986
,,,,FALSE,,,,,,,FALSE,-45986
,,,,FALSE,,,,,,,FALSE,-45986
,,,,FALSE,,,,,,,FALSE,-45986
,,,,FALSE,,,,,,,FALSE,-45986
,,,,FALSE,,,,,,,FALSE,-45986
,,,,FALSE,,,,,,,FALSE,-45986
,,,,FALSE,,,,,,,FALSE,-45986
,,,,FALSE,,,,,,,FALSE,-45986
,,,,FALSE,,,,,,,FALSE,-45986
,,,,FALSE,,,,,,,FALSE,-45986
,,,,FALSE,,,,,,,FALSE,-45986
,,,,FALSE,,,,,,,FALSE,-45986
,,,,FALSE,,,,,,,FALSE,-45986
,,,,FALSE,,,,,,,FALSE,-45986
,,,,FALSE,,,,,,,FALSE,-45986
,,,,FALSE,,,,,,,FALSE,-45986
,,,,FALSE,,,,,,,FALSE,-45986
,,,,FALSE,,,,,,,FALSE,-45986
,,,,FALSE,,,,,,,FALSE,-45986
,,,,FALSE,,,,,,,FALSE,-45986
,,,,FALSE,,,,,,,FALSE,-45986
,,,,FALSE,,,,,,,FALSE,-45986
,,,,FALSE,,,,,,,FALSE,-45986
,,,,FALSE,,,,,,,FALSE,-45986
,,,,FALSE,,,,,,,FALSE,-45986
,,,,FALSE,,,,,,,FALSE,-45986
,,,,FALSE,,,,,,,FALSE,-45986
,,,,FALSE,,,,,,,FALSE,-45986
,,,,FALSE,,,,,,,FALSE,-45986
,,,,FALSE,,,,,,,FALSE,-45986
,,,,FALSE,,,,,,,FALSE,-45986
,,,,FALSE,,,,,,,FALSE,-45986
,,,,FALSE,,,,,,,FALSE,-45986
,,,,FALSE,,,,,,,FALSE,-45986
,,,,FALSE,,,,,,,FALSE,-45986
,,,,FALSE,,,,,,,FALSE,-45986
,,,,FALSE,,,,,,,FALSE,-45986
,,,,FALSE,,,,,,,FALSE,-45986
,,,,FALSE,,,,,,,FALSE,-45986
,,,,FALSE,,,,,,,FALSE,-45986
,,,,FALSE,,,,,,,FALSE,-45986
,,,,FALSE,,,,,,,FALSE,-45986
,,,,FALSE,,,,,,,FALSE,-45986
,,,,FALSE,,,,,,,FALSE,-45986
,,,,FALSE,,,,,,,FALSE,-45986
,,,,FALSE,,,,,,,FALSE,-45986
,,,,FALSE,,,,,,,FALSE,-45986
,,,,FALSE,,,,,,,FALSE,-45986
,,,,FALSE,,,,,,,FALSE,-45986
,,,,FALSE,,,,,,,FALSE,-45986
,,,,FALSE,,,,,,,FALSE,-45986
,,,,FALSE,,,,,,,FALSE,-45986
,,,,FALSE,,,,,,,FALSE,-45986
,,,,FALSE,,,,,,,FALSE,-45986
,,,,FALSE,,,,,,,FALSE,-45986
,,,,FALSE,,,,,,,FALSE,-45986
,,,,FALSE,,,,,,,FALSE,-45986
,,,,FALSE,,,,,,,FALSE,-45986
,,,,FALSE,,,,,,,FALSE,-45986
,,,,FALSE,,,,,,,FALSE,-45986
,,,,FALSE,,,,,,,FALSE,-45986
,,,,FALSE,,,,,,,FALSE,-45986
,,,,FALSE,,,,,,,FALSE,-45986
,,,,FALSE,,,,,,,FALSE,-45986
,,,,FALSE,,,,,,,FALSE,-45986
,,,,FALSE,,,,,,,FALSE,-45986
,,,,FALSE,,,,,,,FALSE,-45986
,,,,FALSE,,,,,,,FALSE,-45986
,,,,FALSE,,,,,,,FALSE,-45986
,,,,FALSE,,,,,,,FALSE,-45986
,,,,FALSE,,,,,,,FALSE,-45986
,,,,FALSE,,,,,,,FALSE,-45986
,,,,FALSE,,,,,,,FALSE,-45986
,,,,FALSE,,,,,,,FALSE,-45986
,,,,FALSE,,,,,,,FALSE,-45986
,,,,FALSE,,,,,,,FALSE,-45986
,,,,FALSE,,,,,,,FALSE,-45986
,,,,FALSE,,,,,,,FALSE,-45986
,,,,FALSE,,,,,,,FALSE,-45986
,,,,FALSE,,,,,,,FALSE,-45986
,,,,FALSE,,,,,,,FALSE,-45986
,,,,FALSE,,,,,,,FALSE,-45986
,,,,FALSE,,,,,,,FALSE,-45986
,,,,FALSE,,,,,,,FALSE,-45986
,,,,FALSE,,,,,,,FALSE,-45986
,,,,FALSE,,,,,,,FALSE,-45986
,,,,FALSE,,,,,,,FALSE,-45986
,,,,FALSE,,,,,,,FALSE,-45986
,,,,FALSE,,,,,,,FALSE,-45986
,,,,FALSE,,,,,,,FALSE,-45986
,,,,FALSE,,,,,,,FALSE,-45986
,,,,FALSE,,,,,,,FALSE,-45986
,,,,FALSE,,,,,,,FALSE,-45986
,,,,FALSE,,,,,,,FALSE,-45986
,,,,FALSE,,,,,,,FALSE,-45986
,,,,FALSE,,,,,,,FALSE,-45986
,,,,FALSE,,,,,,,FALSE,-45986
,,,,FALSE,,,,,,,FALSE,-45986
,,,,FALSE,,,,,,,FALSE,-45986
,,,,FALSE,,,,,,,FALSE,-45986
,,,,FALSE,,,,,,,FALSE,-45986
,,,,FALSE,,,,,,,FALSE,-45986
,,,,FALSE,,,,,,,FALSE,-45986
,,,,FALSE,,,,,,,FALSE,-45986
,,,,FALSE,,,,,,,FALSE,-45986
,,,,FALSE,,,,,,,FALSE,-45986
,,,,FALSE,,,,,,,FALSE,-45986
,,,,FALSE,,,,,,,FALSE,-45986
,,,,FALSE,,,,,,,FALSE,-45986
,,,,FALSE,,,,,,,FALSE,-45986
,,,,FALSE,,,,,,,FALSE,-45986
,,,,FALSE,,,,,,,FALSE,-45986
,,,,FALSE,,,,,,,FALSE,-45986
,,,,FALSE,,,,,,,FALSE,-45986
,,,,FALSE,,,,,,,FALSE,-45986
,,,,FALSE,,,,,,,FALSE,-45986
,,,,FALSE,,,,,,,FALSE,-45986
,,,,FALSE,,,,,,,FALSE,-45986
,,,,FALSE,,,,,,,FALSE,-45986
,,,,FALSE,,,,,,,FALSE,-45986
,,,,FALSE,,,,,,,FALSE,-45986
,,,,FALSE,,,,,,,FALSE,-45986
,,,,FALSE,,,,,,,FALSE,-45986
,,,,FALSE,,,,,,,FALSE,-45986
,,,,FALSE,,,,,,,FALSE,-45986
,,,,FALSE,,,,,,,FALSE,-45986
,,,,FALSE,,,,,,,FALSE,-45986
,,,,FALSE,,,,,,,FALSE,-45986
,,,,FALSE,,,,,,,FALSE,-45986
,,,,FALSE,,,,,,,FALSE,-45986
,,,,FALSE,,,,,,,FALSE,-45986
,,,,FALSE,,,,,,,FALSE,-45986
,,,,FALSE,,,,,,,FALSE,-45986
,,,,FALSE,,,,,,,FALSE,-45986
,,,,FALSE,,,,,,,FALSE,-45986
,,,,FALSE,,,,,,,FALSE,-45986
,,,,FALSE,,,,,,,FALSE,-45986
,,,,FALSE,,,,,,,FALSE,-45986
,,,,FALSE,,,,,,,FALSE,-45986
,,,,FALSE,,,,,,,FALSE,-45986
,,,,FALSE,,,,,,,FALSE,-45986
,,,,FALSE,,,,,,,FALSE,-45986
,,,,FALSE,,,,,,,FALSE,-45986
,,,,FALSE,,,,,,,FALSE,-45986
,,,,FALSE,,,,,,,FALSE,-45986
,,,,FALSE,,,,,,,FALSE,-45986
,,,,FALSE,,,,,,,FALSE,-45986
,,,,FALSE,,,,,,,FALSE,-45986
,,,,FALSE,,,,,,,FALSE,-45986
,,,,FALSE,,,,,,,FALSE,-45986
,,,,FALSE,,,,,,,FALSE,-45986
,,,,FALSE,,,,,,,FALSE,-45986
,,,,FALSE,,,,,,,FALSE,-45986
,,,,FALSE,,,,,,,FALSE,-45986
,,,,FALSE,,,,,,,FALSE,-45986
,,,,FALSE,,,,,,,FALSE,-45986
,,,,FALSE,,,,,,,FALSE,-45986
,,,,FALSE,,,,,,,FALSE,-45986
,,,,FALSE,,,,,,,FALSE,-45986
,,,,FALSE,,,,,,,FALSE,-45986
,,,,FALSE,,,,,,,FALSE,-45986
,,,,FALSE,,,,,,,FALSE,-45986
,,,,FALSE,,,,,,,FALSE,-45986
,,,,FALSE,,,,,,,FALSE,-45986
,,,,FALSE,,,,,,,FALSE,-45986
,,,,FALSE,,,,,,,FALSE,-45986
,,,,FALSE,,,,,,,FALSE,-45986
,,,,FALSE,,,,,,,FALSE,-45986
,,,,FALSE,,,,,,,FALSE,-45986
,,,,FALSE,,,,,,,FALSE,-45986
,,,,FALSE,,,,,,,FALSE,-45986
,,,,FALSE,,,,,,,FALSE,-45986
,,,,FALSE,,,,,,,FALSE,-45986
,,,,FALSE,,,,,,,FALSE,-45986
,,,,FALSE,,,,,,,FALSE,-45986
,,,,FALSE,,,,,,,FALSE,-45986
,,,,FALSE,,,,,,,FALSE,-45986
,,,,FALSE,,,,,,,FALSE,-45986
,,,,FALSE,,,,,,,FALSE,-45986
,,,,FALSE,,,,,,,FALSE,-45986
,,,,FALSE,,,,,,,FALSE,-45986
,,,,FALSE,,,,,,,FALSE,-45986
,,,,FALSE,,,,,,,FALSE,-45986
,,,,FALSE,,,,,,,FALSE,-45986
,,,,FALSE,,,,,,,FALSE,-45986
,,,,FALSE,,,,,,,FALSE,-45986
,,,,FALSE,,,,,,,FALSE,-45986
,,,,FALSE,,,,,,,FALSE,-45986
,,,,FALSE,,,,,,,FALSE,-45986
,,,,FALSE,,,,,,,FALSE,-45986
,,,,FALSE,,,,,,,FALSE,-45986
,,,,FALSE,,,,,,,FALSE,-45986
,,,,FALSE,,,,,,,FALSE,-45986
,,,,FALSE,,,,,,,FALSE,-45986
,,,,FALSE,,,,,,,FALSE,-45986
,,,,FALSE,,,,,,,FALSE,-45986
,,,,FALSE,,,,,,,FALSE,-45986
,,,,FALSE,,,,,,,FALSE,-45986
,,,,FALSE,,,,,,,FALSE,-45986
,,,,FALSE,,,,,,,FALSE,-45986
,,,,FALSE,,,,,,,FALSE,-45986
,,,,FALSE,,,,,,,FALSE,-45986
,,,,FALSE,,,,,,,FALSE,-45986
,,,,FALSE,,,,,,,FALSE,-45986
,,,,FALSE,,,,,,,FALSE,-45986
,,,,FALSE,,,,,,,FALSE,-45986
,,,,FALSE,,,,,,,FALSE,-45986
,,,,FALSE,,,,,,,FALSE,-45986
,,,,FALSE,,,,,,,FALSE,-45986
,,,,FALSE,,,,,,,FALSE,-45986
,,,,FALSE,,,,,,,FALSE,-45986
,,,,FALSE,,,,,,,FALSE,-45986
,,,,FALSE,,,,,,,FALSE,-45986
,,,,FALSE,,,,,,,FALSE,-45986
,,,,FALSE,,,,,,,FALSE,-45986
,,,,FALSE,,,,,,,FALSE,-45986
,,,,FALSE,,,,,,,FALSE,-45986
,,,,FALSE,,,,,,,FALSE,-45986
,,,,FALSE,,,,,,,FALSE,-45986
,,,,FALSE,,,,,,,FALSE,-45986
,,,,FALSE,,,,,,,FALSE,-45986
,,,,FALSE,,,,,,,FALSE,-45986
,,,,FALSE,,,,,,,FALSE,-45986
,,,,FALSE,,,,,,,FALSE,-45986
,,,,FALSE,,,,,,,FALSE,-45986
,,,,FALSE,,,,,,,FALSE,-45986
,,,,FALSE,,,,,,,FALSE,-45986
,,,,FALSE,,,,,,,FALSE,-45986
,,,,FALSE,,,,,,,FALSE,-45986
,,,,FALSE,,,,,,,FALSE,-45986
,,,,FALSE,,,,,,,FALSE,-45986
,,,,FALSE,,,,,,,FALSE,-45986
,,,,FALSE,,,,,,,FALSE,-45986
,,,,FALSE,,,,,,,FALSE,-45986
,,,,FALSE,,,,,,,FALSE,-45986
,,,,FALSE,,,,,,,FALSE,-45986
,,,,FALSE,,,,,,,FALSE,-45986
,,,,FALSE,,,,,,,FALSE,-45986
,,,,FALSE,,,,,,,FALSE,-45986
,,,,FALSE,,,,,,,FALSE,-45986
,,,,FALSE,,,,,,,FALSE,-45986
,,,,FALSE,,,,,,,FALSE,-45986
,,,,FALSE,,,,,,,FALSE,-45986
,,,,FALSE,,,,,,,FALSE,-45986
,,,,FALSE,,,,,,,FALSE,-45986
,,,,FALSE,,,,,,,FALSE,-45986
,,,,FALSE,,,,,,,FALSE,-45986
,,,,FALSE,,,,,,,FALSE,-45986
,,,,FALSE,,,,,,,FALSE,-45986
,,,,FALSE,,,,,,,FALSE,-45986
,,,,FALSE,,,,,,,FALSE,-45986
,,,,FALSE,,,,,,,FALSE,-45986
,,,,FALSE,,,,,,,FALSE,-45986
,,,,FALSE,,,,,,,FALSE,-45986
,,,,FALSE,,,,,,,FALSE,-45986
,,,,FALSE,,,,,,,FALSE,-45986
,,,,FALSE,,,,,,,FALSE,-45986
,,,,FALSE,,,,,,,FALSE,-45986
,,,,FALSE,,,,,,,FALSE,-45986
,,,,FALSE,,,,,,,FALSE,-45986
,,,,FALSE,,,,,,,FALSE,-45986
,,,,FALSE,,,,,,,FALSE,-45986
,,,,FALSE,,,,,,,FALSE,-45986
,,,,FALSE,,,,,,,FALSE,-45986
,,,,FALSE,,,,,,,FALSE,-45986
,,,,FALSE,,,,,,,FALSE,-45986
,,,,FALSE,,,,,,,FALSE,-45986
,,,,FALSE,,,,,,,FALSE,-45986
,,,,FALSE,,,,,,,FALSE,-45986
,,,,FALSE,,,,,,,FALSE,-45986
,,,,FALSE,,,,,,,FALSE,-45986
,,,,FALSE,,,,,,,FALSE,-45986
,,,,FALSE,,,,,,,FALSE,-45986
,,,,FALSE,,,,,,,FALSE,-45986
,,,,FALSE,,,,,,,FALSE,-45986
,,,,FALSE,,,,,,,FALSE,-45986
,,,,FALSE,,,,,,,FALSE,-45986
,,,,FALSE,,,,,,,FALSE,-45986
,,,,FALSE,,,,,,,FALSE,-45986
,,,,FALSE,,,,,,,FALSE,-45986
,,,,FALSE,,,,,,,FALSE,-45986
,,,,FALSE,,,,,,,FALSE,-45986
,,,,FALSE,,,,,,,FALSE,-45986
,,,,FALSE,,,,,,,FALSE,-45986
,,,,FALSE,,,,,,,FALSE,-45986
,,,,FALSE,,,,,,,FALSE,-45986
,,,,FALSE,,,,,,,FALSE,-45986
,,,,FALSE,,,,,,,FALSE,-45986
,,,,FALSE,,,,,,,FALSE,-45986
,,,,FALSE,,,,,,,FALSE,-45986
,,,,FALSE,,,,,,,FALSE,-45986
,,,,FALSE,,,,,,,FALSE,-45986
,,,,FALSE,,,,,,,FALSE,-45986
,,,,FALSE,,,,,,,FALSE,-45986
,,,,FALSE,,,,,,,FALSE,-45986
,,,,FALSE,,,,,,,FALSE,-45986
,,,,FALSE,,,,,,,FALSE,-45986
,,,,FALSE,,,,,,,FALSE,-45986
,,,,FALSE,,,,,,,FALSE,-45986
,,,,FALSE,,,,,,,FALSE,-45986
,,,,FALSE,,,,,,,FALSE,-45986
,,,,FALSE,,,,,,,FALSE,-45986
,,,,FALSE,,,,,,,FALSE,-45986
,,,,FALSE,,,,,,,FALSE,-45986
,,,,FALSE,,,,,,,FALSE,-45986
,,,,FALSE,,,,,,,FALSE,-45986
,,,,FALSE,,,,,,,FALSE,-45986
,,,,FALSE,,,,,,,FALSE,-45986
,,,,FALSE,,,,,,,FALSE,-45986
,,,,FALSE,,,,,,,FALSE,-45986
,,,,FALSE,,,,,,,FALSE,-45986
,,,,FALSE,,,,,,,FALSE,-45986
,,,,FALSE,,,,,,,FALSE,-45986
,,,,FALSE,,,,,,,FALSE,-45986
,,,,FALSE,,,,,,,FALSE,-45986
,,,,FALSE,,,,,,,FALSE,-45986
,,,,FALSE,,,,,,,FALSE,-45986
,,,,FALSE,,,,,,,FALSE,-45986
,,,,FALSE,,,,,,,FALSE,-45986
,,,,FALSE,,,,,,,FALSE,-45986
,,,,FALSE,,,,,,,FALSE,-45986
,,,,FALSE,,,,,,,FALSE,-45986
,,,,FALSE,,,,,,,FALSE,-45986
,,,,FALSE,,,,,,,FALSE,-45986
,,,,FALSE,,,,,,,FALSE,-45986
,,,,FALSE,,,,,,,FALSE,-45986
,,,,FALSE,,,,,,,FALSE,-45986
,,,,FALSE,,,,,,,FALSE,-45986
,,,,FALSE,,,,,,,FALSE,-45986
,,,,FALSE,,,,,,,FALSE,-45986
,,,,FALSE,,,,,,,FALSE,-45986
,,,,FALSE,,,,,,,FALSE,-45986
,,,,FALSE,,,,,,,FALSE,-45986
,,,,FALSE,,,,,,,FALSE,-45986
,,,,FALSE,,,,,,,FALSE,-45986
,,,,FALSE,,,,,,,FALSE,-45986
,,,,FALSE,,,,,,,FALSE,-45986
,,,,FALSE,,,,,,,FALSE,-45986
,,,,FALSE,,,,,,,FALSE,-45986
,,,,FALSE,,,,,,,FALSE,-45986
,,,,FALSE,,,,,,,FALSE,-45986
,,,,FALSE,,,,,,,FALSE,-45986
,,,,FALSE,,,,,,,FALSE,-45986
,,,,FALSE,,,,,,,FALSE,-45986
,,,,FALSE,,,,,,,FALSE,-45986
,,,,FALSE,,,,,,,FALSE,-45986
,,,,FALSE,,,,,,,FALSE,-45986
,,,,FALSE,,,,,,,FALSE,-45986
,,,,FALSE,,,,,,,FALSE,-45986
,,,,FALSE,,,,,,,FALSE,-45986
,,,,FALSE,,,,,,,FALSE,-45986
,,,,FALSE,,,,,,,FALSE,-45986
,,,,FALSE,,,,,,,FALSE,-45986
,,,,FALSE,,,,,,,FALSE,-45986
,,,,FALSE,,,,,,,FALSE,-45986
,,,,FALSE,,,,,,,FALSE,-45986
,,,,FALSE,,,,,,,FALSE,-45986
,,,,FALSE,,,,,,,FALSE,-45986
,,,,FALSE,,,,,,,FALSE,-45986
,,,,FALSE,,,,,,,FALSE,-45986
,,,,FALSE,,,,,,,FALSE,-45986
,,,,FALSE,,,,,,,FALSE,-45986
,,,,FALSE,,,,,,,FALSE,-45986
,,,,FALSE,,,,,,,FALSE,-45986
,,,,FALSE,,,,,,,FALSE,-45986
,,,,FALSE,,,,,,,FALSE,-45986
,,,,FALSE,,,,,,,FALSE,-45986
,,,,FALSE,,,,,,,FALSE,-45986
,,,,FALSE,,,,,,,FALSE,-45986
,,,,FALSE,,,,,,,FALSE,-45986
,,,,FALSE,,,,,,,FALSE,-45986
,,,,FALSE,,,,,,,FALSE,-45986
,,,,FALSE,,,,,,,FALSE,-45986
,,,,FALSE,,,,,,,FALSE,-45986
,,,,FALSE,,,,,,,FALSE,-45986
,,,,FALSE,,,,,,,FALSE,-45986
,,,,FALSE,,,,,,,FALSE,-45986
,,,,FALSE,,,,,,,FALSE,-45986
,,,,FALSE,,,,,,,FALSE,-45986
,,,,FALSE,,,,,,,FALSE,-45986
,,,,FALSE,,,,,,,FALSE,-45986
,,,,FALSE,,,,,,,FALSE,-45986
,,,,FALSE,,,,,,,FALSE,-45986
,,,,FALSE,,,,,,,FALSE,-45986
,,,,FALSE,,,,,,,FALSE,-45986
,,,,FALSE,,,,,,,FALSE,-45986
,,,,FALSE,,,,,,,FALSE,-45986
,,,,FALSE,,,,,,,FALSE,-45986
,,,,FALSE,,,,,,,FALSE,-45986
,,,,FALSE,,,,,,,FALSE,-45986
,,,,FALSE,,,,,,,FALSE,-45986
,,,,FALSE,,,,,,,FALSE,-45986
,,,,FALSE,,,,,,,FALSE,-45986
,,,,FALSE,,,,,,,FALSE,-45986
,,,,FALSE,,,,,,,FALSE,-45986
,,,,FALSE,,,,,,,FALSE,-45986
,,,,FALSE,,,,,,,FALSE,-45986
,,,,FALSE,,,,,,,FALSE,-45986
,,,,FALSE,,,,,,,FALSE,-45986
,,,,FALSE,,,,,,,FALSE,-45986
,,,,FALSE,,,,,,,FALSE,-45986
,,,,FALSE,,,,,,,FALSE,-45986
,,,,FALSE,,,,,,,FALSE,-45986
,,,,FALSE,,,,,,,FALSE,-45986
,,,,FALSE,,,,,,,FALSE,-45986
,,,,FALSE,,,,,,,FALSE,-45986
,,,,FALSE,,,,,,,FALSE,-45986
,,,,FALSE,,,,,,,FALSE,-45986
,,,,FALSE,,,,,,,FALSE,-45986
,,,,FALSE,,,,,,,FALSE,-45986
,,,,FALSE,,,,,,,FALSE,-45986
,,,,FALSE,,,,,,,FALSE,-45986
,,,,FALSE,,,,,,,FALSE,-45986
,,,,FALSE,,,,,,,FALSE,-45986
,,,,FALSE,,,,,,,FALSE,-45986
,,,,FALSE,,,,,,,FALSE,-45986
,,,,FALSE,,,,,,,FALSE,-45986
,,,,FALSE,,,,,,,FALSE,-45986
,,,,FALSE,,,,,,,FALSE,-45986
,,,,FALSE,,,,,,,FALSE,-45986
,,,,FALSE,,,,,,,FALSE,-45986
,,,,FALSE,,,,,,,FALSE,-45986
,,,,FALSE,,,,,,,FALSE,-45986
,,,,FALSE,,,,,,,FALSE,-45986
,,,,FALSE,,,,,,,FALSE,-45986
,,,,FALSE,,,,,,,FALSE,-45986
,,,,FALSE,,,,,,,FALSE,-45986
,,,,FALSE,,,,,,,FALSE,-45986
,,,,FALSE,,,,,,,FALSE,-45986
,,,,FALSE,,,,,,,FALSE,-45986
,,,,FALSE,,,,,,,FALSE,-45986
,,,,FALSE,,,,,,,FALSE,-45986
,,,,FALSE,,,,,,,FALSE,-45986
,,,,FALSE,,,,,,,FALSE,-45986
,,,,FALSE,,,,,,,FALSE,-45986
,,,,FALSE,,,,,,,FALSE,-45986
,,,,FALSE,,,,,,,FALSE,-45986
,,,,FALSE,,,,,,,FALSE,-45986
,,,,FALSE,,,,,,,FALSE,-45986
,,,,FALSE,,,,,,,FALSE,-45986
,,,,FALSE,,,,,,,FALSE,-45986
,,,,FALSE,,,,,,,FALSE,-45986
,,,,FALSE,,,,,,,FALSE,-45986
,,,,FALSE,,,,,,,FALSE,-45986
,,,,FALSE,,,,,,,FALSE,-45986
,,,,FALSE,,,,,,,FALSE,-45986
,,,,FALSE,,,,,,,FALSE,-45986
,,,,FALSE,,,,,,,FALSE,-45986
,,,,FALSE,,,,,,,FALSE,-45986
,,,,FALSE,,,,,,,FALSE,-45986
,,,,FALSE,,,,,,,FALSE,-45986
,,,,FALSE,,,,,,,FALSE,-45986
,,,,FALSE,,,,,,,FALSE,-45986
,,,,FALSE,,,,,,,FALSE,-45986
,,,,FALSE,,,,,,,FALSE,-45986
,,,,FALSE,,,,,,,FALSE,-45986
,,,,FALSE,,,,,,,FALSE,-45986
,,,,FALSE,,,,,,,FALSE,-45986
,,,,FALSE,,,,,,,FALSE,-45986
,,,,FALSE,,,,,,,FALSE,-45986
,,,,FALSE,,,,,,,FALSE,-45986
,,,,FALSE,,,,,,,FALSE,-45986
,,,,FALSE,,,,,,,FALSE,-45986
,,,,FALSE,,,,,,,FALSE,-45986
,,,,FALSE,,,,,,,FALSE,-45986
,,,,FALSE,,,,,,,FALSE,-45986
,,,,FALSE,,,,,,,FALSE,-45986
,,,,FALSE,,,,,,,FALSE,-45986
,,,,FALSE,,,,,,,FALSE,-45986
,,,,FALSE,,,,,,,FALSE,-45986
,,,,FALSE,,,,,,,FALSE,-45986
,,,,FALSE,,,,,,,FALSE,-45986
,,,,FALSE,,,,,,,FALSE,-45986
,,,,FALSE,,,,,,,FALSE,-45986
,,,,FALSE,,,,,,,FALSE,-45986
,,,,FALSE,,,,,,,FALSE,-45986
,,,,FALSE,,,,,,,FALSE,-45986
,,,,FALSE,,,,,,,FALSE,-45986
,,,,FALSE,,,,,,,FALSE,-45986
,,,,FALSE,,,,,,,FALSE,-45986
,,,,FALSE,,,,,,,FALSE,-45986
,,,,FALSE,,,,,,,FALSE,-45986
,,,,FALSE,,,,,,,FALSE,-45986
,,,,FALSE,,,,,,,FALSE,-45986
,,,,FALSE,,,,,,,FALSE,-45986
,,,,FALSE,,,,,,,FALSE,-45986
,,,,FALSE,,,,,,,FALSE,-45986
,,,,FALSE,,,,,,,FALSE,-45986
,,,,FALSE,,,,,,,FALSE,-45986
,,,,FALSE,,,,,,,FALSE,-45986
,,,,FALSE,,,,,,,FALSE,-45986
,,,,FALSE,,,,,,,FALSE,-45986
,,,,FALSE,,,,,,,FALSE,-45986
,,,,FALSE,,,,,,,FALSE,-45986
,,,,FALSE,,,,,,,FALSE,-45986
,,,,FALSE,,,,,,,FALSE,-45986
,,,,FALSE,,,,,,,FALSE,-45986
,,,,FALSE,,,,,,,FALSE,-45986
,,,,FALSE,,,,,,,FALSE,-45986
,,,,FALSE,,,,,,,FALSE,-45986
,,,,FALSE,,,,,,,FALSE,-45986
,,,,FALSE,,,,,,,FALSE,-45986
,,,,FALSE,,,,,,,FALSE,-45986
,,,,FALSE,,,,,,,FALSE,-45986
,,,,FALSE,,,,,,,FALSE,-45986
,,,,FALSE,,,,,,,FALSE,-45986
,,,,FALSE,,,,,,,FALSE,-45986
,,,,FALSE,,,,,,,FALSE,-45986
,,,,FALSE,,,,,,,FALSE,-45986
,,,,FALSE,,,,,,,FALSE,-45986
,,,,FALSE,,,,,,,FALSE,-45986
,,,,FALSE,,,,,,,FALSE,-45986
,,,,FALSE,,,,,,,FALSE,-45986
,,,,FALSE,,,,,,,FALSE,-45986
,,,,FALSE,,,,,,,FALSE,-45986
,,,,FALSE,,,,,,,FALSE,-45986
,,,,FALSE,,,,,,,FALSE,-45986
,,,,FALSE,,,,,,,FALSE,-45986
,,,,FALSE,,,,,,,FALSE,-45986
,,,,FALSE,,,,,,,FALSE,-45986
,,,,FALSE,,,,,,,FALSE,-45986
,,,,FALSE,,,,,,,FALSE,-45986
,,,,FALSE,,,,,,,FALSE,-45986
,,,,FALSE,,,,,,,FALSE,-45986
,,,,FALSE,,,,,,,FALSE,-45986
,,,,FALSE,,,,,,,FALSE,-45986
,,,,FALSE,,,,,,,FALSE,-45986
,,,,FALSE,,,,,,,FALSE,-45986
,,,,FALSE,,,,,,,FALSE,-45986
,,,,FALSE,,,,,,,FALSE,-45986
,,,,FALSE,,,,,,,FALSE,-45986
,,,,FALSE,,,,,,,FALSE,-45986
,,,,FALSE,,,,,,,FALSE,-45986
,,,,FALSE,,,,,,,FALSE,-45986
,,,,FALSE,,,,,,,FALSE,-45986
,,,,FALSE,,,,,,,FALSE,-45986
,,,,FALSE,,,,,,,FALSE,-45986
,,,,FALSE,,,,,,,FALSE,-45986
,,,,FALSE,,,,,,,FALSE,-45986
,,,,FALSE,,,,,,,FALSE,-45986
,,,,FALSE,,,,,,,FALSE,-45986
,,,,FALSE,,,,,,,FALSE,-45986
,,,,FALSE,,,,,,,FALSE,-45986
,,,,FALSE,,,,,,,FALSE,-45986
,,,,FALSE,,,,,,,FALSE,-45986
,,,,FALSE,,,,,,,FALSE,-45986
,,,,FALSE,,,,,,,FALSE,-45986
,,,,FALSE,,,,,,,FALSE,-45986
,,,,FALSE,,,,,,,FALSE,-45986
,,,,FALSE,,,,,,,FALSE,-45986
,,,,FALSE,,,,,,,FALSE,-45986
,,,,FALSE,,,,,,,FALSE,-45986
,,,,FALSE,,,,,,,FALSE,-45986
,,,,FALSE,,,,,,,FALSE,-45986
,,,,FALSE,,,,,,,FALSE,-45986
,,,,FALSE,,,,,,,FALSE,-45986
,,,,FALSE,,,,,,,FALSE,-45986
,,,,FALSE,,,,,,,FALSE,-45986
,,,,FALSE,,,,,,,FALSE,-45986
,,,,FALSE,,,,,,,FALSE,-45986
,,,,FALSE,,,,,,,FALSE,-45986
,,,,FALSE,,,,,,,FALSE,-45986
,,,,FALSE,,,,,,,FALSE,-45986
,,,,FALSE,,,,,,,FALSE,-45986
,,,,FALSE,,,,,,,FALSE,-45986
,,,,FALSE,,,,,,,FALSE,-45986
,,,,FALSE,,,,,,,FALSE,-45986
,,,,FALSE,,,,,,,FALSE,-45986
,,,,FALSE,,,,,,,FALSE,-45986
,,,,FALSE,,,,,,,FALSE,-45986
,,,,FALSE,,,,,,,FALSE,-45986
,,,,FALSE,,,,,,,FALSE,-45986
,,,,FALSE,,,,,,,FALSE,-45986
,,,,FALSE,,,,,,,FALSE,-45986
,,,,FALSE,,,,,,,FALSE,-45986
,,,,FALSE,,,,,,,FALSE,-45986
,,,,FALSE,,,,,,,FALSE,-45986
,,,,FALSE,,,,,,,FALSE,-45986
,,,,FALSE,,,,,,,FALSE,-45986
,,,,FALSE,,,,,,,FALSE,-45986
,,,,FALSE,,,,,,,FALSE,-45986
,,,,FALSE,,,,,,,FALSE,-45986
,,,,FALSE,,,,,,,FALSE,-45986
,,,,FALSE,,,,,,,FALSE,-45986
,,,,FALSE,,,,,,,FALSE,-45986
,,,,FALSE,,,,,,,FALSE,-45986
,,,,FALSE,,,,,,,FALSE,-45986
,,,,FALSE,,,,,,,FALSE,-45986
,,,,FALSE,,,,,,,FALSE,-45986
,,,,FALSE,,,,,,,FALSE,-45986
,,,,FALSE,,,,,,,FALSE,-45986
,,,,FALSE,,,,,,,FALSE,-45986
,,,,FALSE,,,,,,,FALSE,-45986
,,,,FALSE,,,,,,,FALSE,-45986
,,,,FALSE,,,,,,,FALSE,-45986
,,,,FALSE,,,,,,,FALSE,-45986
,,,,FALSE,,,,,,,FALSE,-45986
,,,,FALSE,,,,,,,FALSE,-45986
,,,,FALSE,,,,,,,FALSE,-45986
,,,,FALSE,,,,,,,FALSE,-45986
,,,,FALSE,,,,,,,FALSE,-45986
,,,,FALSE,,,,,,,FALSE,-45986
,,,,FALSE,,,,,,,FALSE,-45986
,,,,FALSE,,,,,,,FALSE,-45986
,,,,FALSE,,,,,,,FALSE,-45986
,,,,FALSE,,,,,,,FALSE,-45986
,,,,FALSE,,,,,,,FALSE,-45986
,,,,FALSE,,,,,,,FALSE,-45986
,,,,FALSE,,,,,,,FALSE,-45986
,,,,FALSE,,,,,,,FALSE,-45986
,,,,FALSE,,,,,,,FALSE,-45986
,,,,FALSE,,,,,,,FALSE,-45986
,,,,FALSE,,,,,,,FALSE,-45986
,,,,FALSE,,,,,,,FALSE,-45986
,,,,FALSE,,,,,,,FALSE,-45986
,,,,FALSE,,,,,,,FALSE,-45986
,,,,FALSE,,,,,,,FALSE,-45986
,,,,FALSE,,,,,,,FALSE,-45986
,,,,FALSE,,,,,,,FALSE,-45986
,,,,FALSE,,,,,,,FALSE,-45986
,,,,FALSE,,,,,,,FALSE,-45986
,,,,FALSE,,,,,,,FALSE,-45986
,,,,FALSE,,,,,,,FALSE,-45986
,,,,FALSE,,,,,,,FALSE,-45986
,,,,FALSE,,,,,,,FALSE,-45986
,,,,FALSE,,,,,,,FALSE,-45986
,,,,FALSE,,,,,,,FALSE,-45986
,,,,FALSE,,,,,,,FALSE,-45986
,,,,FALSE,,,,,,,FALSE,-45986
,,,,FALSE,,,,,,,FALSE,-45986
,,,,FALSE,,,,,,,FALSE,-45986
,,,,FALSE,,,,,,,FALSE,-45986
,,,,FALSE,,,,,,,FALSE,-45986
,,,,FALSE,,,,,,,FALSE,-45986
,,,,FALSE,,,,,,,FALSE,-45986
,,,,FALSE,,,,,,,FALSE,-45986
,,,,FALSE,,,,,,,FALSE,-45986
,,,,FALSE,,,,,,,FALSE,-45986
,,,,FALSE,,,,,,,FALSE,-45986
,,,,FALSE,,,,,,,FALSE,-45986
,,,,FALSE,,,,,,,FALSE,-45986
,,,,FALSE,,,,,,,FALSE,-45986
,,,,FALSE,,,,,,,FALSE,-45986
,,,,FALSE,,,,,,,FALSE,-45986
,,,,FALSE,,,,,,,FALSE,-45986
,,,,FALSE,,,,,,,FALSE,-45986
,,,,FALSE,,,,,,,FALSE,-45986
,,,,FALSE,,,,,,,FALSE,-45986
,,,,FALSE,,,,,,,FALSE,-45986
,,,,FALSE,,,,,,,FALSE,-45986
,,,,FALSE,,,,,,,FALSE,-45986
,,,,FALSE,,,,,,,FALSE,-45986
,,,,FALSE,,,,,,,FALSE,-45986
,,,,FALSE,,,,,,,FALSE,-45986
,,,,FALSE,,,,,,,FALSE,-45986
,,,,FALSE,,,,,,,FALSE,-45986
,,,,FALSE,,,,,,,FALSE,-45986
,,,,FALSE,,,,,,,FALSE,-45986
,,,,FALSE,,,,,,,FALSE,-45986
,,,,FALSE,,,,,,,FALSE,-45986
,,,,FALSE,,,,,,,FALSE,-45986
,,,,FALSE,,,,,,,FALSE,-45986
,,,,FALSE,,,,,,,FALSE,-45986
,,,,FALSE,,,,,,,FALSE,-45986
,,,,FALSE,,,,,,,FALSE,-45986
,,,,FALSE,,,,,,,FALSE,-45986
,,,,FALSE,,,,,,,FALSE,-45986
,,,,FALSE,,,,,,,FALSE,-45986
,,,,FALSE,,,,,,,FALSE,-45986
,,,,FALSE,,,,,,,FALSE,-45986
,,,,FALSE,,,,,,,FALSE,-45986
,,,,FALSE,,,,,,,FALSE,-45986
,,,,FALSE,,,,,,,FALSE,-45986
,,,,FALSE,,,,,,,FALSE,-45986
,,,,FALSE,,,,,,,FALSE,-45986
,,,,FALSE,,,,,,,FALSE,-45986
,,,,FALSE,,,,,,,FALSE,-45986
,,,,FALSE,,,,,,,FALSE,-45986
,,,,FALSE,,,,,,,FALSE,-45986
,,,,FALSE,,,,,,,FALSE,-45986
,,,,FALSE,,,,,,,FALSE,-45986
,,,,FALSE,,,,,,,FALSE,-45986
,,,,FALSE,,,,,,,FALSE,-45986
,,,,FALSE,,,,,,,FALSE,-45986
,,,,FALSE,,,,,,,FALSE,-45986
,,,,FALSE,,,,,,,FALSE,-45986
,,,,FALSE,,,,,,,FALSE,-45986
,,,,FALSE,,,,,,,FALSE,-45986
,,,,FALSE,,,,,,,FALSE,-45986
,,,,FALSE,,,,,,,FALSE,-45986
,,,,FALSE,,,,,,,FALSE,-45986
,,,,FALSE,,,,,,,FALSE,-45986
,,,,FALSE,,,,,,,FALSE,-45986
,,,,FALSE,,,,,,,FALSE,-45986
,,,,FALSE,,,,,,,FALSE,-45986
,,,,FALSE,,,,,,,FALSE,-45986
,,,,FALSE,,,,,,,FALSE,-45986
,,,,FALSE,,,,,,,FALSE,-45986
,,,,FALSE,,,,,,,FALSE,-45986
,,,,FALSE,,,,,,,FALSE,-45986
,,,,FALSE,,,,,,,FALSE,-45986
,,,,FALSE,,,,,,,FALSE,-45986
,,,,FALSE,,,,,,,FALSE,-45986
,,,,FALSE,,,,,,,FALSE,-45986
,,,,FALSE,,,,,,,FALSE,-45986
,,,,FALSE,,,,,,,FALSE,-45986
,,,,FALSE,,,,,,,FALSE,-45986
,,,,FALSE,,,,,,,FALSE,-45986
,,,,FALSE,,,,,,,FALSE,-45986
,,,,FALSE,,,,,,,FALSE,-45986
,,,,FALSE,,,,,,,FALSE,-45986
,,,,FALSE,,,,,,,FALSE,-45986
,,,,FALSE,,,,,,,FALSE,-45986
,,,,FALSE,,,,,,,FALSE,-45986
,,,,FALSE,,,,,,,FALSE,-45986
,,,,FALSE,,,,,,,FALSE,-45986
,,,,FALSE,,,,,,,FALSE,-45986
,,,,FALSE,,,,,,,FALSE,-45986
,,,,FALSE,,,,,,,FALSE,-45986
,,,,FALSE,,,,,,,FALSE,-45986
,,,,FALSE,,,,,,,FALSE,-45986
,,,,FALSE,,,,,,,FALSE,-45986
,,,,FALSE,,,,,,,FALSE,-45986
,,,,FALSE,,,,,,,FALSE,-45986
,,,,FALSE,,,,,,,FALSE,-45986
,,,,FALSE,,,,,,,FALSE,-45986
,,,,FALSE,,,,,,,FALSE,-45986
,,,,FALSE,,,,,,,FALSE,-45986
,,,,FALSE,,,,,,,FALSE,-45986
,,,,FALSE,,,,,,,FALSE,-45986
,,,,FALSE,,,,,,,FALSE,-45986
,,,,FALSE,,,,,,,FALSE,-45986
,,,,FALSE,,,,,,,FALSE,-45986
,,,,FALSE,,,,,,,FALSE,-45986
,,,,FALSE,,,,,,,FALSE,-45986
,,,,FALSE,,,,,,,FALSE,-45986
,,,,FALSE,,,,,,,FALSE,-45986
,,,,FALSE,,,,,,,FALSE,-45986
,,,,FALSE,,,,,,,FALSE,-45986
,,,,FALSE,,,,,,,FALSE,-45986
,,,,FALSE,,,,,,,FALSE,-45986
,,,,FALSE,,,,,,,FALSE,-45986
,,,,FALSE,,,,,,,FALSE,-45986
,,,,FALSE,,,,,,,FALSE,-45986
,,,,FALSE,,,,,,,FALSE,-45986
,,,,FALSE,,,,,,,FALSE,-45986
,,,,FALSE,,,,,,,FALSE,-45986
,,,,FALSE,,,,,,,FALSE,-45986
,,,,FALSE,,,,,,,FALSE,-45986
,,,,FALSE,,,,,,,FALSE,-45986
,,,,FALSE,,,,,,,FALSE,-45986
,,,,FALSE,,,,,,,FALSE,-45986
,,,,FALSE,,,,,,,FALSE,-45986
,,,,FALSE,,,,,,,FALSE,-45986
,,,,FALSE,,,,,,,FALSE,-45986
,,,,FALSE,,,,,,,FALSE,-45986
,,,,FALSE,,,,,,,FALSE,-45986
,,,,FALSE,,,,,,,FALSE,-45986
,,,,FALSE,,,,,,,FALSE,-45986
,,,,FALSE,,,,,,,FALSE,-45986
,,,,FALSE,,,,,,,FALSE,-45986
,,,,FALSE,,,,,,,FALSE,-45986
,,,,FALSE,,,,,,,FALSE,-45986
,,,,FALSE,,,,,,,FALSE,-45986
,,,,FALSE,,,,,,,FALSE,-45986
,,,,FALSE,,,,,,,FALSE,-45986
,,,,FALSE,,,,,,,FALSE,-45986
,,,,FALSE,,,,,,,FALSE,-45986
,,,,FALSE,,,,,,,FALSE,-45986
,,,,FALSE,,,,,,,FALSE,-45986
,,,,FALSE,,,,,,,FALSE,-45986
,,,,FALSE,,,,,,,FALSE,-45986
,,,,FALSE,,,,,,,FALSE,-45986
,,,,FALSE,,,,,,,FALSE,-45986
,,,,FALSE,,,,,,,FALSE,-45986
,,,,FALSE,,,,,,,FALSE,-45986